Sample,NRC,NRC,NRC,Rplp0,Cd84,Ptprc (Cd45),Aif1 (Iba1),Tmem119,Nefl,Syt1,Gabra1,Snap25,Mog,Sox10,Mbp,Aldh1l1,Glt1,Aqp4,Cx30,Nes,Vim,Vim,Vim,Gfap,Gfap,Gfap,Lcn2,Lcn2,Steap4,Steap4,S1pr3,S1pr3,Timp1,Timp1,Hspb1,Hspb1,Cxcl10,Cxcl10,Protein Br,Protein Br,Cp,Cp,Serpina3n,Serpina3n,Aspg,Aspg,Cd44,Cd44,H2-T23,H2-T23,Serping1,Serping1,H2-D1,H2-D1,Iigp1,Iigp1,Gbp2,Gbp2,Fkbp5,Fkbp5,Psmb8,Psmb8,Srgn,Srgn,Amigo2,Amigo2,Ggta1,Ggta1,Fbln5,Fbln5,Ugt1a,Ugt1a,Clcf1,Clcf1,Ptx3,Ptx3,S100a10,S100a10,Sphk1,Sphk1,Cd109,Cd109,Ptgs2,Ptgs2,Emp1,Emp1,Slc10a6,Slc10a6,Tm4sf1,Tm4sf1,B3gnt5,B3gnt5,Cd14,Cd14,Tgm1,Tgm1
NT #1,,,,1.399075104,,,0.959128104,0.142321383,,,,0.971266121,0.868378506,,0.871948415,0.955981481,1.118231645,0.967208189,1.40778514,0.969642395,0.957267923,0.968217683,0.983751186,0.874389517,0.983594919,1.064765537,0.888348586,0.915841142,,,0.742426627,0.763735411,1.037134615,0.909098612,1.524001504,1.580762005,1.078507067,1.175646771,1.164229842,0.988589962,0.955573796,0.9513858,,1.846760769,,,,,0.939614365,1.037022733,2.05099796,1.635809308,1.084905827,1.070324515,0.816623345,1.482244965,0.91631463,0.871228967,0.740475888,0.924370743,0.696634146,0.585073719,3.364577204,3.157656188,0.957847017,1.472349563,,,,,,,1.03420062,0.82124692,1.058548177,0.972414482,1.104674441,1.001920723,1.026145023,0.604690203,0.516781358,0.576919203,0.492305335,0.701041982,1.237040512,1.212852805,,,1.164853942,1.102890961,0.900179576,0.803288987,1.64352115,1.532880532,,
NT #1,,,,0.886992869,,,1.270139038,0.723857149,,,,1.266763431,1.151571571,,0.644378711,0.980895604,1.118094462,0.863574541,1.08433955,0.895179129,0.868313834,0.870022885,0.892828263,0.938418144,0.963986857,0.946796743,0.832785554,0.759548073,,,0.723103109,0.708736075,0.944752096,0.939496337,1.401940644,1.549997103,1.066824876,0.953139837,1.028852876,1.032903457,0.872686127,0.917670593,0.704065663,1.624466601,,,,,0.884046948,1.02097736,1.823792689,1.480330419,0.977140238,0.943734678,2.2032253,2.326704969,0.872454592,0.871886378,0.837224374,0.902491147,0.638626126,0.351203453,2.211203759,1.821982945,0.962096014,0.345196236,,,,,,,0.755924068,1.032471435,0.940847736,0.833049554,0.95420729,1.020069324,0.506282194,0.739344111,0.405539917,0.487508006,0.538216028,0.497856907,1.137328044,1.196698306,,,1.121076979,0.986377123,0.927043094,1.047360943,1.331715509,1.113535712,,
NT #1,,,,0.829468751,,,1.321100477,0.48124594,,,,0.975204552,,,2.027702952,0.960592224,1.069212346,0.841545387,1.660051318,0.838604577,0.816514608,0.897402581,0.848472585,0.85449897,0.893507339,0.969672011,0.850860301,0.921435757,,,0.713168328,0.711512945,0.897044612,0.885973916,1.538803855,1.057524715,1.091116139,1.180916966,1.007377163,0.978402119,0.85724621,0.844133082,4.673944965,0.49818072,,,,,0.992415132,0.95254254,1.348889385,1.344693638,0.868032811,0.890191087,0.981261182,1.480568567,0.756068433,0.779528233,0.823101693,0.777918173,0.62431013,0.727066312,2.228584563,3.195055981,0.740157574,1.118722196,,,,,,,0.598968698,0.419203051,0.745717209,0.686866468,0.982737769,0.914511599,0.850266137,0.642049136,0.684637378,0.456602882,0.606779224,0.546043159,1.276359934,1.06106234,,,0.918301631,1.133782887,0.537613552,1.09532298,1.418720355,0.741817606,,
NT #2,,,,1.142583087,0.415895725,,0.7952782,2.34032478,,1.240165274,,1.269014946,,,0.669829175,1.211163365,0.886603942,1.231716814,,1.175035539,1.277639811,1.354933086,1.36014435,1.309632377,1.597093827,1.391300968,1.329973927,1.449688349,3.109286946,0.930460234,1.334997091,1.533141132,1.255148038,1.361533847,1.30030248,1.420732473,1.593209153,1.358993396,1.305953174,1.094656341,1.241347744,1.209849015,,1.07804174,1.475607401,0.877255465,,,1.33923623,1.134140974,0.847740713,0.642072002,1.08327383,1.087472472,2.641277913,2.303772286,1.543793766,1.288595743,1.287296379,1.20250515,1.314988414,1.657987037,0.443939714,0.471933893,1.84841144,0.902314332,,,,,,,1.73183083,2.151958313,0.92132331,0.945829466,1.555019948,1.228535993,1.063285432,1.807782699,2.23278539,1.883706819,2.379718666,2.727663917,1.143631036,1.056819262,,,1.010257783,0.891644343,0.949761322,1.006481361,0.728212299,0.914465436,,
NT #2,,,,1.058056679,1.316310154,,0.61939784,3.074025656,,0.706235585,,0.989495683,,,1.323982992,1.201256268,1.003867562,1.173484119,0.315456095,1.319833333,1.439897316,1.476511334,1.36091811,1.501244724,1.555455785,1.50668881,1.105221694,1.233554183,1.208856782,2.405339324,1.395202384,1.543634842,1.319064474,1.344736236,1.299608674,1.218396415,1.345884649,1.646322629,1.116027704,1.211635706,1.271118349,1.151567758,,0.623005519,1.222943114,0.516846974,,,1.151722891,1.43664799,0.995326028,0.554682997,1.112045382,1.226407018,1.258845289,2.890870763,1.636007265,1.717306365,1.280393645,1.288306098,1.403947273,1.261217637,0.596236017,0.381816812,1.547014715,1.832058841,,,,2.211513363,,,3.40787159,2.042101899,1.208304697,1.086509173,1.333864838,1.234447439,2.605100589,2.762726406,2.289889144,1.873222858,2.701094847,2.687416163,1.202239946,1.165890256,,,0.949248159,1.006739193,1.130584717,1.203516747,0.984241833,0.876182931,,
NT #2,,,,1.203616893,1.82665829,,0.252447883,2.80366603,,1.141749518,,1.294225663,,,0.989731118,1.224925833,0.990953466,1.290039673,1.250944057,1.389116533,1.364203521,1.465036895,1.389425248,1.612541249,1.560386892,1.614539921,1.339101074,1.123026782,1.097010726,2.306606287,1.434878465,1.649414932,1.287405317,1.27704834,1.165479252,1.406890708,1.716131134,1.66368197,1.273327971,1.173612459,1.447110054,1.337739533,1.889088725,0.66185502,1.127768204,1.083714821,,,1.436247563,1.470560011,0.696155941,0.838780863,1.223226426,1.133212317,1.70274764,2.380537758,1.838762985,1.497263906,1.478876699,1.511317128,1.30874827,1.856511963,0.353083716,0.125826845,1.873097997,2.28711564,,,,,,,2.775555791,2.447214674,1.390271941,1.030710173,1.477770947,1.43873492,2.194123192,1.806550485,2.890361382,2.388892899,3.056511201,3.286958194,1.32714433,1.187082865,,,1.219437867,0.830923861,1.471719868,0.960409678,1.306671254,1.091494654,,
NT #3,,,,1.001320334,,,1.724282926,,,,,0.638727164,,,,0.859789247,1.021151177,0.981399141,,0.821614275,0.797861019,0.865303597,0.762525396,0.670509256,0.714080421,0.678443845,1.000450041,0.910333728,0.803601352,1.031537529,0.956139686,0.93190587,0.867736955,0.882848279,0.808647657,0.469279014,0.616781439,0.533998016,0.702298145,0.866029268,0.960427855,0.831455867,,,,,,,0.69663733,0.781117148,0.821012829,0.920425307,0.989256565,0.842839237,0.718917535,0.273266124,0.691299428,0.659536371,0.832676391,0.929864518,1.145688541,1.095246303,1.829222978,0.809528863,1.00898883,0.422629259,,,0.452179045,,,,0.439468546,0.513433366,1.369405318,0.961228106,0.758733529,0.719047581,1.156755792,0.83110928,0.809708399,1.194530069,0.692041972,0.812755592,0.700430629,0.738655912,,1.354670221,1.257035173,0.830474642,1.480984651,1.013509935,0.704145124,0.904793732,,
NT #3,,,,0.785218795,,,1.424895803,,,,,0.868394957,,,,0.895091826,0.979209377,0.873680168,,0.957834458,0.812413728,0.858370437,0.836810294,0.79431605,0.760913823,0.739607965,1.12995084,0.989439805,0.405986606,0.480965788,1.087156578,0.84393197,0.823636054,0.792306007,0.47048287,0.450510255,0.735156864,0.63173697,1.023932499,0.852862508,0.96001309,0.846493211,,0.57131622,,,,,0.95194487,0.793580283,0.65485694,0.980905197,0.979596541,0.969072168,0.7218752,0.292784303,0.839215601,0.905434373,0.913757142,1.052350503,1.243056363,1.192264077,1.047715342,0.95428521,0.951234714,0.405563275,,,,,,,1.399393439,0.257457332,0.817120245,0.934015287,0.829671701,0.760246001,0.755042252,0.153073874,1.057570923,1.132165476,0.688517203,0.625469913,0.860737251,0.822543909,1.316657424,0.371957295,1.103192737,1.090289913,0.934221569,1.330220081,0.794775306,0.897248498,,
NT #3,,,,0.849161105,,,2.033687114,,,,,0.92458575,,,,0.809432949,0.848204973,0.889842938,,0.810315265,0.757328362,0.78547095,0.756529493,0.630578947,0.674429515,0.670452794,0.809648714,0.760526213,0.689076594,0.421198435,0.86141644,0.923099573,0.775654187,0.778011783,0.507598526,0.599420619,0.490139664,0.586164143,0.710130398,0.761311879,0.860789351,0.798441331,,0.423814344,,,,,0.70900273,0.777471953,0.821780099,0.86953818,0.745068383,0.920198039,0.242533527,0.122720818,0.650783541,0.8053641,0.918727971,0.773536769,1.139357467,1.212565975,0.900940896,1.160854524,0.732809558,1.056184191,,,,,,,0.656724766,0.638813836,1.309831033,1.121802778,0.658143162,0.681881906,1.297484735,0.997589637,0.510031315,0.737579005,0.574395342,0.49552624,0.510687554,0.724263419,0.647130183,2.329211291,0.788162953,0.783208781,0.975641776,0.722920994,0.727795218,0.939115319,,
NT #4,,,,1.674827899,,,1.820053183,1.142892453,,1.210658323,,1.655507815,,0.964326526,0.567675246,1.428397552,1.432330014,1.473401676,2.058827397,1.335355431,1.373651474,1.46761808,1.424818742,1.545912529,1.668321506,1.681352766,1.662111872,1.632853398,0.848184221,0.668115029,1.292978571,1.432498788,1.489844434,1.406499708,1.963572529,1.895398077,1.327807253,1.463100797,1.430261221,1.626409692,1.543695103,1.616869979,1.309275099,2.037115681,1.459804811,1.615943743,,,1.67425637,1.467878069,1.654794272,1.417824523,1.478703901,1.503780826,2.014402849,2.201594689,1.58102165,1.393716891,1.517060342,1.515634462,1.567612051,1.472493844,3.245391342,3.153535982,1.321503877,1.258761837,,,,,,,1.607442081,1.850851495,1.92360218,1.346479567,1.525662605,1.494270708,1.648868654,1.656398443,0.983498839,1.064311777,4.176033626,4.282753668,1.509714345,1.481591903,1.52098856,0.657467141,1.221269503,1.330483356,1.781749481,1.851481283,1.707615983,1.409437666,,
NT #4,,,,0.897872,,,0.775788764,0.874972967,,0.699973183,,0.632574625,,0.616934981,,0.761098801,0.794197617,0.836717001,2.426107458,0.831449897,0.795767428,0.828824825,0.802429756,0.883808776,0.905824038,0.932448417,0.861846608,0.862138283,1.058054293,0.981729985,0.744920414,0.799665969,0.850830413,0.880980707,1.093890824,1.152067767,0.838352463,0.918324215,0.949972792,0.90349299,0.892313029,0.853050667,0.579900464,0.646546765,1.425027765,1.126008208,,,0.86722714,0.895319247,0.898280914,0.908286753,0.991987772,0.901493411,1.152288382,1.406995756,0.862315971,0.847449249,0.834208791,0.88806657,0.859443269,0.954080366,1.562758319,2.31430408,0.598702009,0.825543394,,,,,,,0.658303489,0.584333224,1.222336808,0.852780653,0.850720214,0.799640264,1.036818005,0.853898514,0.576800619,0.57542661,2.221364273,2.114550401,0.734965243,0.72537078,,,0.668900166,0.730886134,1.148093788,0.879435313,0.669007117,0.757324277,,
NT #5,,,,0.904898475,,,1.019885558,,,1.473949262,,1.140436221,,,1.997615331,0.922222287,0.981056945,0.93832961,0.379637016,0.99237951,1.020373359,0.946508856,0.950797105,0.88008687,0.846812321,0.857544856,0.865200727,0.831455892,0.993534458,1.306027497,1.048003001,1.043128744,0.962659006,0.869069734,0.672517441,0.679809931,0.891213037,1.053169709,0.907646995,0.829365667,0.910954241,0.836289502,,,,0.26418861,,,0.73885952,1.049394223,0.961510876,0.906305467,0.841877003,0.874883876,0.657354411,0.456812416,0.922443969,0.910994641,0.796690278,0.939869657,0.84939811,0.918957529,0.241970563,0.862842119,1.027382789,0.931033323,1.314782113,0.775508625,,,,,0.848709439,0.943207077,0.701766713,0.970915923,0.923965957,0.889121458,0.763506773,1.095312731,1.274914599,1.353398962,0.486676633,0.305583728,1.030489554,1.02137115,,,1.004411735,1.082862212,0.748976838,0.739939434,0.88047112,1.100549551,,
NT #5,,,,0.734878478,,,0.694418039,,,0.800597947,,0.837309456,,1.680879153,0.881836724,0.997411225,0.896053852,0.864459848,0.527353068,0.907589056,0.860174752,0.916009002,0.909152548,0.809880934,0.779567174,0.765605862,0.855735568,0.805545309,1.529294796,0.856114978,0.870182548,0.9527635,0.882445493,0.862372768,0.566244597,0.823579417,0.755104934,0.943367342,0.813710253,0.817684777,0.81027176,0.852682608,,,,,,,0.721951922,0.936199612,0.797555782,0.75163758,0.727581774,0.938392422,1.077746744,0.429742328,0.920673253,0.802686847,0.848434686,0.924074162,0.784287986,0.863025151,0.362000474,0.357453772,1.265921548,1.004460969,1.906505201,0.514424432,,,,,1.113864036,0.979959416,0.683560173,0.795253527,0.953846419,0.822877702,0.619042072,0.798857176,1.354496259,1.231563696,0.26167079,0.305878624,0.95621399,0.833234973,,,1.043929431,1.10869451,0.70657882,0.766703755,1.000334653,0.846021245,,
Control #1,,,,0.875518281,1.632017377,,0.437336881,2.052264737,,,,0.922641328,,0.792839252,6.305608217,0.769873453,1.083468543,1.009659641,1.703044318,0.849995892,0.861098167,0.892940622,0.908534115,0.903703768,0.942978849,1.023056797,1.134383187,0.810181986,1.719880151,0.973719163,0.866607142,0.758787129,0.806464545,0.915939687,0.557023651,0.352208363,0.925584295,1.237489745,0.845763654,0.926659097,0.896270024,0.850496426,0.628422303,1.64675008,,,,,0.885296133,0.998913102,1.038343896,0.977229289,0.911019385,0.879860349,0.768253176,0.258797777,0.924710515,0.96828442,0.860454741,0.831017622,1.081050896,0.958701386,0.583801433,0.725064321,0.633676881,0.651516403,,,,,,,,0.248125732,1.096500239,0.779390375,1.019034729,0.917517504,1.071561522,0.473827072,0.626916562,0.54491747,1.820824272,1.865647351,0.602995445,0.450601157,,,0.932004005,0.805712129,0.558233724,0.946268988,0.847770121,0.82862201,,
Control #1,,,,0.784479984,1.74464633,,0.788867454,1.860384258,,,1,0.915184177,,1.911339684,2.56350638,0.724835386,1.206287694,0.976638149,2.357233627,0.965011363,0.829180303,0.9157482,0.866118976,0.907990422,0.95202858,0.95224887,0.868819982,0.953543282,2.113925209,1.111113002,0.94417168,0.781320696,0.858730017,0.94280395,0.548266071,0.609314431,1.062738523,0.903615599,0.928085132,0.884158336,0.922804915,0.781920013,0.941489635,1.088421028,,,,,1.000677331,0.95470093,1.053687739,1.024267595,0.928446047,0.957315424,0.807202629,1.08714365,0.693311477,1.088707993,0.778748451,0.843605393,0.820507293,1.166846841,1.365816485,0.990142381,0.405313214,0.495163252,,,,,,,0.344173226,0.310785537,0.941734511,0.830537385,0.939063148,0.885973951,1.452352807,0.311633817,0.794674309,0.674265057,1.289679728,1.938437612,0.738791331,0.602967953,,,0.694619119,0.812677404,0.834604821,1.05078787,0.59669929,0.580883253,,
Control #1,,,,0.87274478,1.018123884,,0.165524787,2.002248162,,,,1.000625363,,0.659898255,3.592255125,0.738325833,1.037304411,0.899573266,1.942839702,0.856315039,0.810271311,0.884484046,0.868925203,0.862665975,0.857007451,0.842897434,1.088603418,0.896836064,1.964513247,1.50196903,0.826864979,0.861066571,0.675970348,0.871759062,0.637500808,0.724145393,0.747817,0.895969334,0.708286525,0.857667955,0.851851533,0.826656865,0.292871559,,,,,,0.960980039,0.92197861,1.162227134,1.060321671,0.815017691,0.865624173,0.669056965,0.873923168,0.922546273,0.812349338,0.722432143,0.828536993,0.762522919,1.060458437,0.678507813,0.616020492,0.59913118,0.600880851,,,,,,,,,0.877239327,0.826518224,0.94623291,0.846792003,,1.194375875,0.838095882,0.673400788,1.809985832,1.567606044,0.608235015,0.596607091,,,0.774215073,0.974129111,0.689105423,0.501849372,0.458820344,0.432970675,,
Control #2,,,,1.264926521,0.733146285,,1.593413363,0.329078141,,2.043124459,,1.402906917,,,1.058175558,1.355533423,1.179476299,1.303688079,,1.235838947,1.455886167,1.439921511,1.544417543,1.422156323,1.384899867,1.218089046,1.082460558,0.889674342,2.248722632,1.770923705,1.323022949,1.415417969,1.451021569,1.323566679,1.339751187,1.434599043,1.328928843,1.356067181,1.503662955,1.536517543,1.477327949,1.327828041,1.24331465,2.036593071,,,,,1.343402101,1.339305746,1.050823146,0.790864478,1.340598299,1.327431466,1.091438248,1.898411303,1.470402275,1.517831613,1.416498176,1.400881517,1.651459972,1.345935203,1.63908432,1.605056752,2.22898441,3.077357412,,,1,,,,0.723258962,1.892674261,1.019211443,1.067085446,1.310641925,1.332558194,4.580034773,0.33139287,1.06624177,0.839972962,0.377195311,0.549606675,1.407205826,1.26977166,,0.83655148,1.84898027,1.708861092,1.728811954,2.067625671,2.498758808,1.988512412,,
Control #2,,,,1.272305415,1.695469582,,2.150912848,0.397509051,,2.073100542,,1.270150186,,,0.301503458,1.179824264,0.984030187,1.209686669,,1.058929583,1.242920595,1.340881113,1.225895766,1.229576692,1.275594572,1.176308587,0.869195822,0.920106483,1.937565654,1.632433707,1.138670044,1.329403039,1.332480568,1.254267357,1.447919749,1.485467529,1.135724907,1.276304684,1.281456093,1.360107024,1.265344161,1.307346756,1.216454101,1.289107388,,,,,1.130449344,1.232413917,0.836222664,0.697529833,1.143153998,1.052829752,1.395606416,1.326309937,1.387816799,1.379976433,1.29006381,1.356371739,1.396040612,1.325692376,1.323830728,1.184506721,1.10848387,1.82634818,,,,,,,1.093852776,1.109356856,0.777775262,0.926755774,1.108609531,1.202377325,4.656048152,3.78348267,0.56724255,0.825886107,0.38495402,0.315159536,1.34391755,1.449987961,0.420669759,1.131587392,1.726478751,1.644067985,1.311567076,1.626733366,1.796785804,1.919888365,,
Control #2,,,,1.216300445,0.277515058,,1.796679308,,,0.7501955,,1.390650916,,,1.538267106,1.31355001,1.098649967,1.16526759,,1.177018275,1.340408533,1.344537347,1.323168374,1.23395955,1.336944283,1.243340009,1.392311337,0.984915049,1.799247616,1.731235265,1.204520984,1.171595876,1.303889513,1.276155546,1.488942211,1.490958914,1.317425361,1.407169794,1.294506403,1.339523682,1.413404112,1.357364689,2.592813611,1.586163814,,,,,1.19200051,1.295066084,1.271330914,0.95347542,1.199204117,1.256173325,1.752220416,1.458622962,1.401989257,1.364162372,1.244996323,1.379639993,1.377091231,1.44829311,0.832694541,0.872161297,1.764856449,2.020799781,,,,,,,1.650853842,1.551559636,1.014981675,0.907204773,1.405996153,1.340358664,3.72260135,2.14058918,1.15488702,0.910235301,0.577863221,0.467821565,1.431478367,1.355237666,2.511180529,,1.372197451,1.814264108,1.580340453,1.551473654,2.077984986,1.896442137,,
Control #3,,,,0.850451154,,,1.674834105,,,1.32092852,,0.685368506,,,0.280222424,0.913838263,0.816376072,0.813770054,,0.93630979,0.815357008,0.815843498,0.885442828,0.760561958,0.801212964,0.827201995,0.962299571,0.971611211,0.508055467,0.187153559,0.95720686,0.954925242,0.883067407,0.866936035,1.146920946,1.112784319,0.731878742,0.983071701,0.811619714,0.80483963,0.87425097,0.810772728,,1.069089471,,,,,0.835646762,0.693650533,0.915836398,1.097435668,0.826225516,0.881954142,,,0.767350491,0.753943291,0.796449444,0.902289954,0.694605777,0.588451959,1.848637187,0.68886518,1.383933556,0.698503876,,,,,,,1.208457204,1.121321713,1.232199699,1.198204507,0.870931804,0.781580885,0.618916563,0.201161428,1.497052204,1.598464939,1.46616332,1.135697384,1.196694615,0.9229129,,,0.798273868,0.850725226,0.772859095,0.644392323,0.912059149,0.800900562,,
Control #3,,,,0.892393332,,,1.443821652,,,0.535741763,,0.754867541,,,0.360394466,1.134124243,0.849106833,0.910456781,0.483897109,0.974111392,0.81421027,0.905848853,0.921522227,0.97461805,0.92962173,0.8576012,1.084393994,1.124209103,0.229083176,0.394036978,1.045162231,1.003309183,0.892799884,0.985169031,1.303600325,1.427294675,0.792914025,1.21467429,0.986773509,0.767742604,0.938481346,0.887727655,1.555810327,0.3222535,,,,,0.879254404,0.918101328,0.955768238,1.1726861,1.073685864,1.0022478,,,0.811687353,0.704235736,0.982474715,1.005700264,0.672848299,0.828618314,1.305069068,1.231104167,0.99769907,0.690117169,,,,,,,1.127323986,1.903873052,1.304549342,1.191928533,0.949098304,0.846600759,,0.887900543,1.418153426,1.49910206,1.376586303,1.473156419,1.602561857,1.226434122,,,0.436963703,0.969693185,1.198217252,0.73032876,1.237586348,0.42789716,,
Control #3,,,,1.122955182,,,1.176006274,,,0.44470861,,0.92318796,,,0.347463081,1.114779739,0.834482016,0.82798312,0.264960677,1.013390488,0.831449567,0.806267081,0.825670101,0.876436431,0.821950839,0.872898103,1.035921701,1.078715019,0.450198685,0.568310846,0.870917502,0.867034977,0.822947666,0.958765908,1.149773212,1.319066591,0.531458539,0.760818678,0.852280527,0.86913632,0.816297474,0.860314047,0.839029316,0.438425795,,,,,0.811330287,0.909408401,1.10649204,1.011682265,0.943772813,0.833239293,,,0.848361257,0.860847112,0.856839277,0.980124817,0.902220076,0.738825506,0.539698098,1.26330725,0.897348605,1.133337033,,,,,,,1.584342719,1.921834547,1.070577188,1.16302977,0.850959347,0.78569607,0.556422211,0.278008895,1.807877645,2.38619386,1.426084292,1.267509544,1.143230388,1.358189744,,,0.574955859,0.846772329,0.941088175,0.813875072,1.137795159,0.695396299,,
Protein A #1,,,,0.870004981,,,0.198129351,0.682046521,,1.011969676,,0.981545097,,0.602904562,,0.998503738,0.991251457,0.785638549,0.153579403,0.813280822,0.908329089,0.896091866,0.929459733,0.776282393,0.827503314,0.824382901,0.821919967,0.722621084,0.587422183,1.448504256,0.944892848,1.147942487,1.134230988,1.125024213,0.794592156,0.883445506,7.687420528,7.729306572,0.792854662,0.839923177,1.194840772,1.28116037,,,,,,,2.665843176,2.971399329,6.228962094,7.978433477,6.84577944,6.843213841,67.34043036,70.28546498,17.53585814,17.78788872,0.822611577,0.922147043,10.50258024,10.14390602,0.116640791,0.065333709,1.550633694,1.186209362,,,,,,,3.734301261,2.956400967,0.21585893,0.192342542,0.894731338,0.86301668,0.759973362,0.456781729,0.991385967,0.786627051,0.777154081,1.151198129,0.753278862,0.932513365,,,1.59959634,1.73447833,1.137067313,1.27883112,1.197075174,1.486114986,,
Protein A #1,,,,1.073112692,,,0.303617735,,,0.790903434,,1.057876125,,2.242836788,,1.01336109,1.017145156,0.707055643,0.239595905,0.765589267,0.899547276,0.958938333,0.980023373,0.7870747,0.803714746,0.813914058,0.954743206,0.89165485,1.071698394,1.649118215,1.068151693,1.125866855,1.201232511,1.179189293,0.750390015,0.629993605,6.629311338,8.097551874,0.99233152,1.093023133,1.260219105,1.169838547,,,,,,,2.82060578,3.13419367,8.332421797,8.59220057,6.575804996,6.52222306,69.6894693,64.05042909,17.02428937,16.92423006,0.791611663,0.875539742,10.25060168,10.40443658,0.187573943,0.210074849,0.618434002,1.065819802,,,,,,,1.773101684,2.528572837,0.465239515,0.311715125,0.927289705,0.847335959,0.855309809,0.356699378,0.862981269,0.727350915,0.885298252,1.153085162,0.675198037,0.612731198,,,1.254855794,1.414885187,1.072739288,1.052025492,1.212713541,1.477872192,,
Protein A #1,,,,1.071107177,,,0.824205245,,,1.397511983,,1.196367615,,0.910025642,,0.988293821,0.935914727,0.652442571,0.480848831,0.728225795,0.882131816,0.767232456,0.890640852,0.795206019,0.806700371,0.763954385,0.97671588,0.934659207,1.15439548,1.131153865,0.977573365,1.078330541,1.080932995,1.020680304,0.600448923,0.657481079,6.420397077,8.124514475,1.017317841,0.88726718,1.219699672,1.081432243,,,,,,,2.803950403,3.029257383,8.118860804,8.782127387,5.858832421,6.266710205,67.00452964,68.40830691,16.30112774,16.67801035,0.792862897,0.838635112,9.552748403,8.99928329,0.472181348,0.187416353,0.919570737,0.619270218,,,,,,,2.63456851,2.8154111,0.297141805,0.317181179,0.807490584,0.796583177,1.125158581,0.877719956,1.037074572,0.948239922,1.073796114,0.736445746,0.693608312,0.824645608,0.131574067,,1.807714805,1.538287161,1.264897565,1.047764198,0.901461682,1.053273982,,
Protein A #2,,,,0.987129699,,,7.545683972,,,,,0.859186639,,,1.744326774,0.99993704,1.058101933,0.891939938,0.054090893,1.468989303,1.333557906,1.376521984,1.339305452,1.105466694,1.191794741,1.331820418,2.96170901,2.393896496,1.50424846,0.633979439,2.169314982,1.826027078,1.467129718,1.205448479,0.967161471,0.668401082,8.958465274,9.671370931,1.107399904,1.211826815,1.497561368,1.476728284,1.319260717,2.820404192,,,,,3.729995194,3.741578578,7.535635225,8.421077112,8.410128308,7.550221315,147.603785,151.6255171,26.87357982,25.97575815,1.042268697,1.041805899,16.98206366,16.91721429,1.411047308,1.133899824,1.066433692,0.596616591,,,,,,,3.514939043,4.445287682,3.074191192,1.834188354,1.30988983,1.163095095,0.940092846,0.934101494,1.085198868,1.445701158,0.947368041,0.889864196,1.874150597,1.511801887,,,1.644480326,1.732989338,0.80682168,1.081651255,2.620987979,1.593513998,,
Protein A #2,,,,0.830571826,,,6.909793927,,,,,1.219920369,,,1.799154512,1.050736579,1.126559673,1.002412821,1.51595242,1.445598768,1.286252985,1.35039394,1.444775269,1.265690324,1.260748315,1.264702457,2.759198498,2.599728943,0.987524101,0.454354055,1.905451798,2.040217053,1.312767947,1.438556328,0.984324923,1.081048688,8.942168234,9.264575061,1.227357521,1.317347122,1.611712046,1.528472746,2.613855534,2.610229694,,,,,3.7180749,3.769415763,7.421947423,7.452327019,8.129322426,7.879638099,146.3606721,140.6074378,28.34504508,26.11504118,1.069950903,1.104955982,16.98994564,15.78795768,1.095078036,1.059210356,1.008399148,1.005193403,,,,,,,2.999344757,5.497771348,2.23558145,2.834927787,1.190689684,1.200004431,1.676952059,0.693111967,1.306274744,0.933923541,0.914830797,0.585796679,1.630565933,1.961343336,,,1.834161592,2.690503608,0.664758698,0.889846969,2.489929775,2.094672871,,
Protein A #2,,,,1.219687538,,,8.199927916,,,,,0.785973703,,,3.156892605,0.951773246,1.07678038,0.956924697,1.641491665,1.512324782,1.369361539,1.313485315,1.31089711,1.222787925,1.31850183,1.245442955,2.472239729,2.495820318,0.639244542,1.001348461,1.956540157,1.855559679,1.474704219,1.390179932,1.059975932,0.700091937,7.521096702,9.30380833,1.088790085,1.277660594,1.656820218,1.621318394,1.957076606,2.28292398,,,,,3.786148171,4.261754443,6.651452604,7.459952777,8.606602185,8.235990228,150.114055,154.6721272,27.56501001,26.69718675,1.036331187,1.106343175,15.44732782,16.66002998,0.703140894,0.431052343,0.970067303,1.11282067,,,,,,,3.973645849,3.515456682,2.255372768,2.137375619,1.261982755,1.186854619,1.102612348,1.471948388,1.1109115,1.225526866,1.130204573,0.703027299,2.249242379,1.694277432,,,2.121545082,2.219069023,0.850422557,0.517993217,2.538308428,3.130153473,,
Protein A #3,,,,1.213031668,,,0.930945833,,,4.248152627,,1.091379719,,,,0.968860369,0.852163751,0.808789032,1.292519149,0.492223473,0.79635835,0.861996518,0.792942765,1.14469439,1.095557596,1.162662987,2.061494148,1.99769051,3.226250219,1.081455163,1.090708354,1.112297729,1.051641762,1.064632567,0.319634049,0.280238363,7.621131937,7.9864925,1.376515712,1.304837057,1.159608005,1.013506122,,,,,,,2.678229933,2.683755096,4.723387503,6.406133622,8.221759292,7.545574184,70.4817939,70.77517841,12.52326543,13.57283587,0.689347516,0.628091745,9.143620285,8.559487501,1.25468312,1.156885929,0.168924892,0.229850016,,,,,,,1.032901493,1.546753315,1.55197321,1.094101894,0.819957045,0.693891443,2.245074536,1.820913048,1.353646912,1.524899298,0.408928173,0.980594933,0.826863469,1.286110918,,,0.29994298,0.718937731,0.528202454,0.633603854,0.441045548,0.356647775,,
Protein A #3,,,,1.057664887,,,1.0173797,,,1.568570043,,1.183762705,,,,0.98792064,0.842620068,0.87216367,1.758463535,0.619516148,0.787683051,0.866358278,0.841738663,1.006904847,1.235236468,1.18155951,2.378710783,2.017958875,2.870060991,0.189072972,1.032345243,0.946188987,1.247688466,1.300171525,0.347041294,0.271860203,9.448506258,9.289383803,1.403838424,1.097838633,1.156572806,1.226306956,,,,,,,3.183130639,3.074867064,5.170035418,6.639538795,7.967644601,8.075991273,80.68268044,72.19302169,14.38392313,15.44165866,0.644935397,0.751597023,9.804373887,8.772248173,1.086870163,0.780547995,0.293211337,0.5100926,,,,,,,1.707616259,1.690070459,2.168122084,1.228081059,0.799270753,0.801684655,0.47785083,5.441473722,1.348485306,0.997686474,1.298319985,1.216993778,1.219584232,0.812273658,,,1.066046707,1.063564223,0.821180945,0.90370886,0.868716476,0.215870773,,
Protein A #3,,,,0.779434768,,,0.663120905,,,0.717096069,,1.080654524,,,,1.044760511,0.870735156,0.852911511,2.097092797,0.595672343,0.81372655,0.867535295,0.786927978,1.155075181,1.129611466,1.171955628,2.614094695,2.202527239,1.457886463,1.54779842,1.024077978,1.007315198,1.260930288,1.239622394,0.461208863,0.285706818,9.900719109,9.616633958,1.230461051,1.197784948,1.262438508,1.279973212,,,,,,,3.053150204,2.955663931,6.697439336,6.748265506,8.655630427,8.015202014,73.75955526,82.21271079,13.52691591,14.28462207,0.718566959,0.670918172,9.981380808,10.69601648,1.674085936,0.864749101,0.381578334,0.16575691,,,,,,,0.822474452,1.124415337,1.55003125,1.235195622,0.832802937,0.808129373,1.529037603,3.25522502,1.768047348,1.687365411,1.014278472,0.864003846,0.713104469,0.951847896,,,1.01670129,0.921386244,0.699014373,0.37756517,0.758081787,0.495788716,,
Protein B #1,,,,0.942678186,1.326992558,,0.607541877,,,3.080901418,,0.451586753,,,1.728462721,0.943186121,1.743023835,2.585259329,,1.166768783,3.905825534,4.408123018,3.984764254,22.55839462,22.60293284,26.51196029,46.28076872,47.49972938,53.29017574,65.19658725,5.348307453,5.27809713,17.86952476,17.08479531,127.7841876,129.4183793,1.182966354,1.30912549,21.95619141,22.43359516,9.559435753,9.078973791,4879.831327,5657.822429,,,,,0.098398691,0.114760623,70.63843088,70.94507,2.822102752,3.02064317,0.842456932,0.772231104,5.144572399,4.699868743,1.71084329,1.94202874,1.997863281,2.303925838,0.458205714,0.979062237,1.235878876,1.090287433,,,,,,,43.63507358,42.35842873,463.9375227,487.0830636,2.581603462,2.17850858,9.664151179,9.118212785,1.214037901,1.489883252,14.12471802,14.17516809,4.136000678,4.549723748,6.615290742,3.708982433,5.670485029,6.044856435,1.18273697,1.056044177,7.089003493,7.448926344,,
Protein B #1,,,,1.129962849,0.735744752,,0.697531377,,,3.004828707,,0.463475178,,,0.952427904,1.027526681,2.155748661,2.610262822,,1.439714515,5.300358987,5.053740194,4.755142277,26.49993372,26.05565737,25.39797595,54.11249259,50.44849744,68.45222104,66.09414843,6.335525877,6.750017861,18.96666808,18.76471628,146.7142104,138.8909738,1.576955664,1.486263503,25.42590524,26.65783111,10.41914831,8.879898068,5960.082932,6243.047967,,,,,0.110366333,0.136703404,86.41844559,87.12018515,3.256420688,3.447517334,1.164253165,0.790038492,6.149331293,5.538429167,2.239813699,2.077271048,2.109240757,2.347382501,0.67531103,1.040050514,1.794491955,1.408762744,,,,,,,50.66692558,42.91032711,524.6205582,524.5978518,2.26207434,2.386333851,8.277382979,9.654799263,1.654596547,2.027676792,17.04721719,14.45427376,4.911658684,4.435259828,5.442024338,7.628200584,6.382346992,8.127364539,1.886041167,1.616366093,7.551857138,7.09306218,,
Protein B #1,,,,0.93879848,0.797018301,,0.483178335,,,3.255861599,,0.448265923,,,,1.031833184,2.236332452,2.554820959,,1.361681276,4.893187557,4.976689066,4.347833331,25.64208632,24.39346792,27.90129721,47.89750649,47.83561779,56.93675713,62.12138346,5.956844245,5.774972566,17.45406029,17.05854516,137.9854938,135.705286,1.302659967,1.341046155,22.1217968,20.91573125,9.712391523,9.347343138,5554.260785,5563.459841,,,,,0.170232364,0.111555868,81.3035181,81.82252521,3.139762541,2.977629574,1.732909963,0.660321564,5.489349447,4.867368292,2.030272058,2.141484944,2.798635928,2.912120234,1.120782154,1.017434718,1.344668469,0.672563577,,,,,,,45.13794058,50.04498018,470.5644633,494.0353023,2.6031409,2.347932392,11.45435087,5.153175318,2.05897631,1.640961836,14.22748595,14.98020902,5.21661164,4.857374117,6.49533661,3.686987691,5.351460285,5.255665059,1.249864,1.15525704,9.169015782,7.230409782,,
Protein B #2,,,,0.857941795,,,,,,,,0.580648801,,,,1.035985195,1.446275145,1.658175616,,1.131691974,3.631012922,3.978260892,4.045200024,20.24308707,19.77432473,19.97400227,45.48708346,46.1943364,42.0169365,44.16865399,4.387307639,4.636718131,12.62556777,14.31705254,115.0715846,122.178412,1.0995179,1.33318913,17.75631724,17.87244447,7.299094677,7.075696911,4243.087082,4258.368903,,,,,0.258751347,0.231120209,64.01735586,63.53950038,2.845215468,2.903913082,1.054252726,0.569276036,3.867020505,4.503027733,1.305265478,1.484543179,1.414193766,1.70307899,0.263828766,0.88683931,1.055551572,0.676417394,,,1.070707682,,,,24.40626026,26.14356367,367.3133106,396.3999527,1.993599168,1.905565721,9.841179094,9.830832998,1.642757095,1.640336611,16.69772083,16.86857047,4.562102537,4.747725227,4.943014119,1.399154193,4.452287749,4.615326353,2.865939436,1.992105958,8.084697914,7.712929338,,
Protein B #2,,,,1.024744386,,,,,,0.107946843,,0.436414013,,,,0.97003865,1.402902282,1.689315128,,1.154228217,4.17808474,4.436007863,4.323597953,22.20267113,21.38507494,21.01381376,49.03448821,45.97287997,48.08081948,49.70859491,5.489845966,5.170032807,15.15077548,15.10990032,123.3000038,126.1533605,1.250187197,1.176160329,19.19760715,19.30613593,8.581350384,7.949122385,4597.227361,4545.155139,,,,,0.337871203,0.305860675,75.39625012,76.44108591,3.284407392,3.010903705,1.231901491,0.503867812,4.700836173,3.980695968,1.443891293,1.593794591,1.545044843,1.67036372,0.742306656,0.446523629,1.212734316,0.813786824,,,,0.823057577,,,27.74436303,28.84915851,422.6631973,415.0904945,2.264063153,2.072224898,12.94764894,13.34785406,2.130856828,1.885158461,18.43951826,16.01263947,5.209881013,5.491782643,3.714694857,5.887632021,3.813472892,5.124072496,2.319573247,2.909159276,9.474824837,9.455781052,,
Protein B #2,,,,1.137435103,,,,,,0.204847513,,0.483385854,,,,0.99507866,1.423842774,1.741894124,,1.278073649,4.320856039,4.330123104,4.341983615,21.88677246,21.36869547,20.93687962,47.86199213,46.51872501,54.28732641,54.78138027,5.548078765,5.293036324,14.97386976,15.51040338,122.5613959,118.7197068,1.213262254,1.413360818,19.78561821,20.15258953,8.127019853,7.650522427,4734.440404,4568.15373,,,,,0.283466774,0.27289548,74.70701239,73.99280662,3.331093656,3.283293472,1.077587937,0.615575933,4.706119118,4.685858709,1.587197193,1.559195918,2.024293172,1.635278268,0.695468296,0.426428898,0.97509839,0.698209008,,,,1.106684008,,,32.10529123,25.74196206,413.1942379,409.1970797,2.158838169,2.026299043,13.28393752,9.472094499,1.574614516,1.616131223,20.10450886,17.84777737,5.214311575,5.312023062,3.879874158,3.026340118,5.441503979,5.251401445,1.70166846,2.24366598,7.97828339,7.416954773,,
Protein B #3,,,,1.13682154,,,0.179704356,0.665311294,,,,0.389523255,,,0.47254383,0.886871791,1.670029253,1.475796332,,1.031379424,3.675486607,3.677968927,3.810954067,19.16170982,19.34324335,20.34366573,34.50670346,32.8062467,39.22399563,39.28945133,4.531177669,4.221872051,13.93317995,14.52785928,94.79756323,99.82062997,0.406558985,0.369041052,19.08864068,19.31008175,8.055144906,7.645724216,4372.760133,4799.137051,,,,,0.047394669,0.031354306,66.34036302,67.90760299,2.664605606,2.567375981,1.69646915,0.819996654,4.648066344,4.768968918,1.527994872,1.680952105,1.481477827,1.459564791,0.471041464,0.453498789,1.216208376,0.709273259,,,,,,,34.89620309,26.46544953,403.230657,366.9136116,2.022438415,1.882462823,2.782935389,3.615325816,1.737465171,2.263876997,16.87720255,17.71634928,3.860080275,3.678415745,,,9.462998362,9.184794675,1.371515386,1.005320092,6.76818387,6.793655596,,
Protein B #3,,,,0.809047629,,,0.743136255,2.608555914,,,2.961183934,0.626900556,,,0.623181827,1.096463015,2.205772309,2.026622654,,1.460973368,4.080978341,4.722743503,4.202469547,21.99022156,22.19826258,24.91171039,39.2823101,43.04877568,47.24010524,50.47567844,5.162206254,4.773277962,16.51079715,15.59492098,125.7189784,125.9907998,0.412761071,0.403355166,24.17811369,22.5274688,9.528712305,8.595738252,5072.332886,5695.355269,,,,,0.036107118,0.061451652,74.66680369,77.39514548,2.875793938,3.059818806,1.860758499,2.859666211,6.825843971,5.804806675,1.823707952,1.901249313,1.578225657,1.710830532,0.168354781,1.181309829,1.232646038,0.834273758,,,,,,,29.51111924,29.72875822,432.7051757,451.35888,2.524002459,2.197050417,8.535115455,4.088911923,1.889130036,1.678962238,20.92414856,19.68317862,5.172414248,4.651803177,,,10.41732935,10.35474899,1.506953435,1.621081077,7.388320148,6.224577132,,
Protein B #3,,,,1.087260516,,,0.436076945,1.185816235,,,2.749427146,0.54382499,,,,1.028359991,2.067540911,1.745701077,,1.479989429,4.086067852,4.178873329,4.131409509,21.0119327,21.13357933,22.05325771,38.40403645,39.71812055,46.8918888,41.98524643,4.434080012,4.494602379,15.28640795,16.50327162,120.5770353,121.2463997,0.424373029,0.48545508,19.87610016,21.31663264,8.882166815,8.680701575,5079.393912,5350.775847,,,,,0.033501638,0.044057139,85.22470456,69.79747984,2.627484181,2.740746557,2.753237098,2.66163226,5.826988925,5.123829193,1.787624293,1.934870887,1.650151291,1.787288996,0.627011718,0.320460141,1.290417443,1.123814364,,,,,,,31.84239365,30.54749698,425.0321617,418.092543,2.360361813,2.129552191,4.225478098,10.29014563,1.94056763,1.959484947,21.29206497,17.93690335,4.813769865,4.970102119,,,10.34223489,9.821870767,1.657013027,1.4066362,6.86315011,6.596628983,,
Protein C #1,,,,1.227392321,,,0.217663305,0.038456916,,0.166302925,,0.04835428,,,0.113088382,1.032179797,0.830683488,0.882744432,,15.28628398,26.09243983,21.66585172,23.09369283,4.152101706,3.893721963,4.29727494,2.173500674,1.989091664,,,40.63947688,37.39989166,28.44728812,32.08838485,249.9032317,276.2068649,6.716203762,7.279588975,48.70463073,56.20958742,1.683587594,1.783946458,,,,,,,0.27329845,0.32580362,2.740936087,2.473046084,7.287687779,6.450385955,,,6.698536737,8.927079234,10.00385848,9.534798031,2.849974509,2.532203134,1.075484099,1.364730289,8.712797917,9.33714921,,,,20.9456112,,,144.7888902,136.5355037,39.10424656,40.16231014,40.159324,38.57943231,145.802138,138.6290869,30.75372813,25.20748845,12.13385421,12.12845059,87.95281209,90.73934908,28.44338717,27.83544886,3.831015402,3.750757094,20.57666796,16.45474965,3.211505025,2.141224031,,
Protein C #1,,,,0.932954421,,,0.403357442,0.050332464,,0.334299313,,0.106889875,,,0.116540927,0.950639283,0.703518756,0.669181716,,15.60601952,21.96896063,21.00881381,22.26612732,3.968730077,3.798147961,4.00058182,1.837082807,2.25002753,,,37.07793377,38.06133704,30.60686725,29.65055612,233.6553881,251.6612936,6.467691981,7.579549885,48.98173166,51.58742171,1.708805471,1.721728017,,,,,,,0.416406568,0.473700693,1.504999241,1.779542302,6.674481582,6.597134589,,,6.596974489,7.799804717,8.745996999,9.839101197,2.917534723,2.297814625,0.861706257,1.050901302,6.965394513,8.069353789,,,,20.90873456,,,121.9058319,123.4360287,37.77942978,33.72497311,40.94452727,37.58960149,138.7417309,147.4733324,29.04894769,29.46624781,11.42806294,12.25292743,93.65737878,85.28915759,28.71714791,29.44036431,4.166959209,3.845245393,18.29141106,20.86916801,3.093344745,2.244695416,,
Protein C #1,,,,0.873285343,,,0.598249984,0.033633163,,0.37045334,,0.10545562,,,0.312346742,1.019128365,0.614450543,0.708844317,,16.12758028,21.71520485,21.77219766,21.35762236,3.825493524,3.750568503,3.717442053,2.504503503,1.835371442,,,38.25311063,36.20801779,29.29374079,29.35416507,243.1287546,245.6271096,6.68209302,6.816897238,49.46403697,50.91110874,1.770047567,1.635540384,,,,,,,0.402391206,0.333584838,2.516232729,1.742868893,6.289442845,6.091268149,,,7.356310127,7.765260337,9.746248239,10.17326821,2.907791105,2.439008214,0.981660636,0.433085615,10.28564815,7.98939546,,,6.730241785,5.124358701,,,135.6973,116.3329923,40.31390046,31.55045186,38.23851868,37.02947161,140.9836304,144.6057266,26.25792945,28.77025862,12.62885786,13.46141607,85.94309389,86.16784038,34.29393193,28.16471156,4.11442475,3.60006458,18.32885825,18.45668215,3.667036363,3.071310782,,
Protein C #2,,,,0.818576082,,,0.71025561,0.257986275,,0.619304134,,0.05102919,,,0.196792514,0.801778891,0.7208408,0.944488396,0.413506305,17.34422425,21.40880406,21.82545458,21.97006397,3.878360167,4.191246349,4.354429617,3.200431103,2.246435243,3.960784881,1.989070064,36.28620404,38.2717934,30.64759991,30.13614851,267.4373774,259.9244095,6.213629905,6.675933768,57.37547063,54.48154341,2.67642621,2.594177614,6.506210911,8.008803386,,,,,0.662137433,0.539938367,1.977618713,1.885307802,6.693858017,6.539651939,1.228150183,3.804801158,6.99434093,7.926817197,8.523792996,9.561752036,2.397412606,2.944814387,1.313138684,1.894902829,6.679807498,3.479683238,,,,,,,131.3346794,124.3656337,33.2038027,24.75252615,39.80345207,38.05335616,139.4371706,125.1084,37.0610521,28.79268797,45.68362644,43.25126724,96.42839007,91.77592174,20.28829518,44.72762719,4.402464547,4.621207728,11.32562888,13.55552202,4.751747423,5.520230518,,
Protein C #2,,,,0.968313416,,,0.704851131,0.337653388,,0.257216504,,0.075467954,,,0.397584099,1.070189225,0.833732902,1.56221969,0.610829729,17.64235152,22.51587673,23.16787657,22.96035984,4.270254559,3.931915649,4.733743623,2.757530714,2.675071117,2.044824493,2.585440622,39.19163679,39.8108591,31.45563584,32.07389458,285.5647882,268.8783482,6.060114163,7.768726187,59.47250834,59.40832368,2.590955745,2.566268644,4.329162203,10.51270047,,,,,0.449833313,0.589715497,2.86445249,2.664534044,7.005632983,6.752416252,3.811294131,4.255237812,8.145905417,8.930102737,9.680630326,10.22001189,3.412998813,3.862124747,1.513813311,0.677820453,4.966643789,5.29207558,,,,,,,141.1563791,146.3702676,38.72865597,32.40484329,42.10839864,41.73469196,139.728312,142.0108181,39.5036486,40.35611193,52.52738266,45.68839166,103.5889233,97.96213944,43.45815199,33.75016458,3.841917109,4.308288584,12.48039135,14.37156206,5.221654681,7.088631427,,
Protein C #2,,,,1.261609644,,,1.186513794,0.362297956,,0.535775977,,0.112951594,,,0.203858717,1.165426283,0.724070604,1.294596235,2.666495818,17.66020936,21.83524364,24.94089852,22.78852177,4.459755746,4.409677784,4.19749898,2.558031705,2.15355253,2.560966466,,37.25363415,38.39705444,33.17758862,30.64570057,256.4691527,262.0898954,6.421243837,7.540901951,60.88320528,60.24845686,2.754419916,2.670396355,5.933134872,11.76358138,,,,,0.479171075,0.379377144,3.648551107,3.175319643,6.770692777,7.033665061,3.868235836,4.151777795,9.055283838,7.76342786,9.842893219,9.802799067,2.587056831,2.684225852,1.688917909,0.798720398,5.39436381,6.19887481,,,0.339071379,,,,145.0082243,168.5947271,35.23445045,31.21875374,43.95134564,37.86824428,142.0378441,148.5863436,37.38891522,35.75979255,50.00399599,39.9354974,104.9466902,97.38124691,57.73936628,53.64503519,4.434675788,4.465884632,16.11790687,15.24375994,5.336737277,6.177095211,,
Protein C #3,,,,0.899021346,0.303347158,,0.464179732,0.42790638,,,,0.102254645,,,,0.962779653,0.858193913,1.114763158,,19.15007475,22.16846138,23.00233477,24.60505263,4.365688307,4.399103795,4.673931095,2.025680147,2.997766316,,,42.72701582,44.62745792,35.63506661,33.1824967,290.6559979,286.83972,5.173656401,5.417255839,52.01874889,62.39705209,2.322475099,2.013009564,,,4.170274699,3.811680394,,,0.312936555,0.219242816,2.150629579,1.009965904,8.540712165,8.543021497,8.308537857,8.181917762,11.81352102,9.71789916,11.10331161,11.61063366,3.869289882,4.80941566,4.594177062,3.697491655,5.560967383,4.941331003,,,,,,,162.5334424,167.9019508,46.9442364,34.29326773,44.53681566,39.68775174,141.0642414,151.3577916,40.75670128,39.87617629,53.75607002,59.87170636,112.8533432,102.9116362,18.26764405,14.53910733,3.271351515,4.337067978,19.57303775,18.70911099,4.447164852,5.78229808,,
Protein C #3,,,,1.068430042,0.559779468,,0.490019741,0.342723295,,,,0.060267998,,,,1.03596041,0.876515291,1.334395128,,18.71680506,21.68255068,22.39829003,24.60713987,4.200624667,4.418888311,4.554073766,2.441292157,2.343861721,,,40.21483255,44.69861763,34.46938187,34.05806071,296.2061443,284.2783721,3.975605157,4.041660303,57.45577471,63.11123479,1.997514933,1.914820935,,,2.706091913,1.965366966,,,0.430268327,0.336380214,1.656473998,2.020231014,8.767174343,8.108669683,8.225524109,11.2174672,10.2522152,12.11770898,10.71752125,11.22090697,4.432792686,4.716978728,4.589704294,2.975306614,6.131648067,5.309485111,,,,,,,147.536704,134.0907013,39.24295818,42.76225433,41.4117887,39.59636911,142.7821243,164.7025939,39.5258727,41.35674108,50.24384554,50.2951523,116.3177127,102.869128,23.39645507,15.42822029,4.220148432,4.907553245,19.98934825,20.4428986,5.575876633,6.055235039,,
Protein C #3,,,,1.041079525,0.317418876,,0.345857334,0.2009416,,,,0.06652492,,,,1.002605165,0.835233364,0.882575865,,16.89075897,20.28905913,21.00583332,21.84964947,4.015974761,3.505378425,3.888012515,2.417029391,2.023069483,,,40.96766301,38.96421573,30.77829303,31.1139181,224.8113735,223.7228284,4.493352882,4.754098866,56.88417086,54.67571458,1.328792206,1.957200016,,,10.12872454,5.565135943,,,0.315650115,0.393919979,1.421260123,0.89471476,5.915887391,7.713866622,5.658961358,9.74112535,10.4317626,9.380606465,10.24822513,11.25952053,2.932227761,3.912132063,5.18132865,4.859633934,4.787990543,5.081920807,,,,,,,135.86078,137.7349797,34.76045074,35.01428425,41.33777954,33.0807383,141.9718021,131.9175439,44.66515186,39.1654062,46.43148194,47.7795415,98.61003738,90.78781732,16.67312038,16.32533176,4.078280888,3.956285151,17.71483435,15.2760891,4.949114047,4.961089398,,
Protein C #4,,,,0.981874242,,,0.163603933,0.06742237,,,,0.053711144,,0.836705239,,0.909020059,0.715291559,0.776457127,,9.244096837,13.85223284,15.44098048,15.12955628,3.621162154,3.611492293,3.642381699,1.149724272,1.056383827,,,14.45074833,15.43338472,14.79672193,15.08659418,104.984276,99.83865407,2.551134061,2.127654927,14.74533729,14.08225659,0.609557729,0.622061855,0.572045181,0.155877199,15.40518224,17.40625374,,,2.515011587,2.195954336,0.844297882,0.729069898,4.216608392,4.237786446,,,5.001177336,4.981748183,11.59305237,10.10541423,3.418930014,3.742202025,2.274378308,1.199037672,10.00751556,11.77580155,3.49338538,10.13340886,,,,,35.72360561,41.16028164,41.37553713,40.6360475,19.57737912,17.91851973,42.16600218,41.48933671,26.33868028,25.72723342,12.87029957,13.81156947,57.34703387,53.85012405,53.10238427,53.16943206,4.534201368,4.909050198,25.12945202,26.73290624,3.634901688,3.652108585,,
Protein C #4,,,,0.966645278,,,0.150070425,0.070720612,,,,0.050525981,,0.341574449,,1.055708686,0.59320842,0.69861268,,8.640156228,15.12825136,15.11824794,14.04292718,3.831490956,3.724908099,3.56693753,1.05653432,1.069948473,,,14.71131536,14.79109611,15.6847471,14.51795477,98.39990388,108.0049568,2.492301382,2.222738323,14.50243283,14.93989466,0.545425394,0.577668608,0.540832394,,14.46167372,5.930373328,,,3.373131493,2.916489579,0.45743064,0.795057791,4.484570236,4.450245979,,,5.7393552,5.457975618,12.08631519,12.45954782,2.972398296,2.943790118,8.282725344,5.799501088,9.266367648,10.79273814,5.864576597,1.389662789,,,,,40.24035718,42.58207351,36.49378572,39.09323952,18.92858281,17.48180362,44.73712511,44.83330574,28.4539634,24.64080012,10.35080723,10.10868731,59.3307893,55.11272895,64.45391205,62.36237026,5.095572188,5.257864479,24.0520518,23.77219084,3.683177893,3.022499354,,
Protein C #4,,,,1.053603002,,,0.102809054,0.152477413,,,,0.027359642,,0.636955294,,1.042035318,0.597745591,0.701531554,,9.811474822,14.48240575,16.08250372,14.89477131,4.005236134,3.712360711,3.623742045,1.300489488,1.172997457,,,15.99276921,15.36975289,14.67049252,14.89857536,104.61001,105.4943628,2.636549862,2.511718054,12.44120055,14.74426736,0.556957067,0.575459994,0.821011393,0.374880709,16.08532992,15.05940591,,,2.988470153,3.044040421,0.452218572,0.56900752,3.913789576,4.357332695,,,5.588586549,5.341526062,11.74031991,12.26868325,3.47369759,3.105382037,6.435489975,11.61175881,10.67172176,11.45143966,3.888295747,7.342453182,,,,,40.43760193,45.96797721,43.04401985,35.35803572,21.7861301,18.46384646,40.03674041,43.85087988,27.03594589,28.84573323,13.18941286,11.85002802,55.88216773,56.03963598,74.21019156,73.94422895,4.536680288,5.645605123,24.03457077,22.83297614,3.052421782,3.293905708,,
Protein C #5,,,,0.88486625,,,0.223852729,0.113859157,,,,0.088508972,,,0.548022072,0.916200234,0.410379288,1.273225619,,8.414491576,12.60321184,12.60940373,12.8519957,3.333339465,3.486150759,3.406029986,0.510463381,0.598913143,,,11.98056319,13.3911362,14.89849633,13.62480783,74.2051014,72.73671885,2.605729057,2.498714235,13.43623798,15.33511198,0.585509073,0.608254642,1.099205669,1.711073951,4.111534046,2.97903459,,,2.233660455,2.604929814,0.778321473,0.737437279,3.503889276,3.73701691,4.116623422,1.938520951,3.525467384,4.124894127,11.0617337,11.91606943,2.448340689,2.776946893,2.234843628,1.374843067,9.593900484,8.709609654,6.553937606,4.653629742,,,,,42.67897467,38.67002076,53.55602052,55.4902379,12.50906497,13.26658082,32.89790015,35.7912811,25.0915968,21.51403143,12.66063653,15.25462125,48.21778114,43.57864728,52.32329524,57.7261366,3.268053732,3.272946707,23.87863247,23.95030633,3.065735016,3.234524567,,
Protein C #5,,,,1.077599897,,,0.110296147,0.06600644,,,,0.092240619,,,0.45264758,1.149598863,0.523444707,1.728947829,,9.41726781,16.84743873,14.68353627,15.50913163,3.742306122,3.910544249,3.796837124,0.584428143,0.590179442,,,14.92731984,15.34710756,15.62249756,14.79514715,85.28623878,86.58886461,2.858391807,3.228705642,16.08824644,16.55984481,0.705391528,0.662505467,1.917836184,2.520668372,4.991317405,4.976218235,,,2.799122822,2.379134229,0.714061206,0.788363409,3.648440644,4.868235424,2.891283285,3.725047545,4.707932471,4.891707756,12.29697502,13.99745751,3.486179598,3.161400855,2.791357207,3.692250135,9.572838467,9.384972293,10.4397059,5.209425637,,,,,46.03338499,50.02520749,64.21957606,57.40466561,16.56936336,14.99925239,40.13043482,39.06923357,25.68405859,26.74768759,14.75736573,17.37098967,53.69235379,54.18570997,71.15170085,65.58312269,3.895215941,3.734861286,28.47656724,27.33306908,2.596736307,2.814265188,,
Protein C #5,,,,1.048732743,,,0.174828829,0.099945171,,,,0.109413071,,,0.235119951,0.949430712,0.440009105,1.100458468,,7.758295601,11.56158382,12.55324695,12.21613353,3.238009365,3.279317252,3.344355406,0.542818849,0.4913074,,,12.19793214,11.99362727,13.14947342,13.18873653,73.65231538,69.3732883,1.987056388,2.399037464,13.86637437,15.25403443,0.506916827,0.553512095,1.659961966,1.179165134,3.701269182,3.647289043,,,2.109088465,1.814344051,0.786869792,0.822136226,4.543626743,4.266378473,3.107080722,2.229781728,4.186798995,4.463114693,10.55081203,10.44929771,2.89137536,2.909846458,2.050471615,1.842750957,7.581465376,6.844857719,3.469287039,8.069661955,,,,,37.14462158,37.39107776,48.69383527,41.55087432,13.9263561,12.68070544,31.82683625,32.58135671,21.9271952,20.97877481,14.23914427,16.6316915,45.41053706,42.94360047,31.95286104,53.05884712,3.615427728,2.992273183,24.81655062,21.85538787,2.41934714,2.167442921,,
Protein C #6,,,,1.01894706,,,0.333921317,0.012895499,,,,0.108853289,,1.306666371,,0.869719263,0.432875634,1.065367985,,9.010502632,13.50882581,13.58748318,12.97165772,3.601476756,3.669321648,3.606338943,0.631659748,0.529282187,,,13.93724058,14.57944144,14.65184461,14.37953003,86.5915951,79.11559255,1.919122947,2.242625616,13.53775778,14.19020273,0.582630442,0.547456892,,,13.81221963,9.462175251,,,2.952420971,2.798244456,0.376532431,0.390439073,4.298830588,4.39530772,2.119701395,1.548601564,6.798254816,6.822231139,11.12294424,11.39461974,1.837390209,2.420640345,,,5.204833125,5.826852533,,,,,,,53.21352198,50.76662388,45.22040949,40.09935414,16.7969398,15.71750686,33.40028317,34.78845209,25.80709529,27.53258263,12.65305788,12.19046498,51.02285102,48.97499748,65.83942335,75.65952114,3.654733397,4.034265898,24.12046745,26.82510557,1.955849711,2.03158549,,
Protein C #6,,,,0.995518952,,,0.383946284,0.007250916,,,,0.133449656,,2.48363519,,1.178776474,0.546423911,1.388531782,,13.00475174,18.26979993,18.22745952,17.78445716,4.695750899,4.879681944,4.091909577,0.696568815,0.735890559,,,19.98885148,20.57902984,17.97659543,18.20423718,108.7311638,103.8136458,2.262416247,2.958953167,17.80764356,17.28003482,0.699000908,0.789675217,,,16.41668957,18.36070221,,,4.445048348,3.539009095,0.17887835,0.369166261,6.166982573,5.930470192,1.3725714,1.853204907,8.741176907,8.149582536,14.33199182,15.32094537,2.917551903,3.400909636,,,9.111816625,9.363415849,,,,,,,52.81460467,74.80654633,54.42084968,53.23533346,21.53848117,20.10986356,45.15351632,46.35279322,35.6917694,34.26715494,16.73545819,17.46147371,67.44958383,64.05799806,76.65446319,79.4787966,4.853873048,4.689940757,35.34311355,33.33024722,3.144436705,2.778069591,,
Protein C #6,,,,0.985822775,,,0.303287639,0.088015562,,,,0.126893314,,2.446572204,,0.975415047,0.506151143,1.077995622,,11.12341467,15.13111372,15.83173289,15.03205972,3.935588842,3.591404741,3.767350179,0.652430026,0.650994146,,,15.95508371,17.00981135,15.57295048,15.6612596,90.55485314,91.01871598,1.990208481,2.032667474,14.48457937,14.99737783,0.599258456,0.5929301,,,6.706609792,14.25599095,,,3.911568173,3.465160731,0.260141347,0.212275753,5.053036612,4.4770602,1.202591187,0.159291014,6.958270214,7.381903518,13.10139502,12.34653298,2.713953454,2.3065419,,,7.739893444,8.397486507,,,,,,,46.43625058,48.95516454,49.13460515,42.50872409,17.79255036,17.20766297,37.13871867,40.14483635,28.62012097,29.77296077,13.88273323,14.40777025,55.00207395,51.10084263,60.0237583,69.91019544,3.712634165,4.28863804,26.8223557,27.03072491,2.628566915,2.258153946,,
"Protein C, no HI #1",,,,0.997264886,,,0.166304378,0.69197619,,0.718615714,,0.164436654,,,1.339522533,1.174110352,1.181326663,1.766335357,,23.30588509,26.68105112,29.26863871,27.30203256,6.845029923,6.659298365,7.264583301,17.44340331,18.50204244,15.66093508,23.93453562,69.04192943,67.1482596,41.36117754,39.15406258,423.6250957,399.1078826,6.650232549,8.130931629,91.1422575,87.63864727,4.570664925,4.661811385,97.16096151,78.04354141,5.534846116,5.47316063,,,0.968022354,0.942932191,2.458341103,1.206309992,8.718171282,9.496682612,11.85760266,8.189442905,17.02061029,13.19143871,15.08217033,15.59860441,3.234894264,1.982247007,,,3.667632128,2.190061354,,,,,,,205.4330235,207.1034504,54.40506992,54.95772732,47.88799773,44.87247267,226.8452358,232.5544667,58.0224473,56.12878016,58.66234561,55.09259477,139.9996876,134.3834888,97.60115988,84.50676451,11.4514351,9.975898859,21.50262589,21.78674908,11.91094291,9.591887831,,
"Protein C, no HI #1",,,,0.851895417,,,0.154002177,0.406366697,,0.267434507,,0.099490066,,,1.128523836,1.123560278,0.956206926,1.398700357,,21.96774447,22.52946047,23.61599656,24.67982524,5.774756273,5.814650309,5.728776061,14.22076945,14.33547692,7.352363395,5.667862156,57.55140663,56.05336667,34.34433361,32.3871034,347.7113792,338.5482369,6.793864087,7.666864911,79.05581524,72.01753694,3.967742834,3.78971708,98.52957703,75.23600223,10.84451794,7.430920058,,,0.645935426,0.818286207,1.51797381,1.476451871,8.785587266,7.629818876,8.913821188,9.322585259,12.16398808,13.65727621,12.19321369,12.45596068,1.75863492,2.908299718,,,1.761698705,3.740775899,,,,,,,145.1363871,160.8138661,57.70814386,44.5519314,45.29737921,35.72048831,207.2090495,208.2845749,40.51580495,45.37384781,44.24120484,47.07460728,120.783187,112.6197251,87.6603242,116.2457336,5.479460213,8.734224674,16.68848687,18.44216842,10.724004,6.045463297,,
"Protein C, no HI #1",,,,1.177072438,,,0.170183532,0.622386407,,1.085895805,,0.092430721,,,1.171213223,0.758044509,1.443417916,1.720379731,,23.34097236,25.99184183,25.22034177,26.89500354,6.46897764,6.171277402,6.598786741,14.61376644,17.45368652,10.73754409,13.34446206,62.7601056,64.04408686,37.06710876,34.94904625,358.266395,380.6456206,7.432824759,7.581950489,75.20686415,80.92199984,4.348972017,3.931967867,58.25032872,72.34947585,8.737963168,8.550022151,,,0.691485951,1.059638638,1.905628571,1.6413692,9.200727152,8.252427992,6.937158135,7.238886158,13.04082492,14.10706973,13.40527432,14.46901984,2.520207487,2.646919197,,,3.404992155,2.023046977,,,,,,,218.0410128,193.2422948,49.99599428,53.88381193,43.64042476,42.02431011,216.3892011,215.5552043,46.67428552,54.31924252,51.45407445,46.65479706,127.7032077,128.574362,107.4212828,107.0669615,10.36860295,8.248249266,17.26167651,19.92616028,14.10760881,8.398378054,,
"Protein C, no HI #2",,,,1.176892153,0.986494901,,0.987117092,0.337521912,,0.612272883,,0.102194861,,,,0.937657445,0.688576054,1.127146374,,16.18016211,18.40212358,17.67215613,20.2027449,4.657942021,5.0006818,4.598302335,9.688840829,8.936734155,3.51727928,1.425063086,33.34097404,32.66864532,28.36960944,28.10152313,281.8346648,275.9417808,5.653560771,5.704456286,65.66493198,66.48625569,3.82274258,3.453622031,7.411942633,13.64582687,0.779958662,1.911612438,,,0.246850504,0.259202587,1.506571823,2.058656069,9.204565253,8.323155747,1.979662882,5.684557648,9.727556981,11.56426594,11.10861178,10.98203706,3.936663982,3.572688386,2.828441693,1.981322084,5.004611731,5.153985947,,,,,,,107.052225,98.49531588,47.16246596,42.76892688,35.17089608,33.76936902,130.7854211,131.5395933,42.75294832,47.7390563,28.81738151,27.48125194,91.1465185,93.67889017,50.66267784,56.832378,6.953016688,8.096592602,16.67397023,16.90386146,5.911641196,6.264657552,,
"Protein C, no HI #2",,,,0.835859837,0.691426606,,1.108359544,0.365746026,,0.311039866,,0.090388636,,,,1.106295967,0.597965818,1.13587073,,14.49216757,16.04066649,17.52986989,18.71655075,4.230537263,4.682813376,4.232320125,8.77303079,8.752985649,5.238322526,5.266609444,29.99755054,31.24949705,25.35125079,25.94672637,270.2571609,252.7223941,4.269630453,5.144028425,58.07098371,63.98762733,3.502765932,3.325120086,9.237479416,6.667112789,1.576250445,3.851852216,,,0.306950713,0.228379933,1.122847467,1.581651313,8.317345754,7.800622838,2.642071533,1.942678684,11.09564198,11.59149454,10.24897214,11.26665616,2.922734028,2.971856184,1.172686542,1.881171256,5.30229121,6.240732058,,,,,,,93.49200878,105.7278093,46.5240558,41.72717797,33.58250434,31.13098742,121.225439,123.439862,43.01493673,37.85344421,26.3537483,28.2450903,89.74015068,80.80978379,55.55039666,52.15376282,5.742460866,5.701109863,15.34552616,15.8672444,5.349813099,6.343293325,,
"Protein C, no HI #2",,,,1.016552645,0.77916598,,0.287147165,0.282930602,,0.2409921,,0.077729935,,,,0.964016494,0.671793167,0.975382827,,13.79944754,18.0105048,17.66764947,19.73146348,4.631193882,4.661960677,4.586194297,9.833552628,9.412154493,1.007289559,0.702114195,27.61919298,34.45358093,25.44789153,26.08758177,251.3871441,261.848708,4.641172168,5.483112201,54.26423029,60.27227135,3.48240688,3.151979155,21.72150145,11.52117689,0.36339718,1.103878397,,,0.27868653,0.20358448,1.066200751,1.048165394,7.594816445,7.585350842,1.489677982,1.603818633,11.51425544,11.56490449,10.70213787,11.85670953,3.384354636,3.587647083,1.799493514,1.096897227,5.3122498,5.413094838,,,,,,,115.4320683,104.483361,44.50554531,44.42524957,32.07310138,31.19574009,115.6165343,113.6359917,41.47138329,38.16079312,28.38797571,26.06845702,93.92663983,82.02020945,40.32268885,47.76823767,6.348578464,3.821129168,14.71403479,16.63190636,6.256829304,4.928458019,,
"Protein C, no HI #3",,,,0.881339132,0.393948658,,0.391673663,0.330826065,,,,0.192795257,,,0.112023338,1.07023482,0.718304775,1.281050372,,12.28299149,13.04161498,14.84337338,14.90143359,3.555510689,3.414972276,3.760564966,5.502965717,5.654352482,,,26.82180916,32.04621108,21.69008502,24.23739694,202.0233509,203.9210492,3.405986419,3.995872722,42.43244469,41.38927021,2.912332058,2.67845754,2.714744435,4.747551016,7.723443887,10.75790565,,,0.514469507,0.639676066,1.21956141,1.605934201,6.904432669,7.004003659,0.689495726,0.602550301,9.33156095,7.758345321,8.058898686,8.919888145,2.322758797,2.318452652,,,4.204709745,6.069261417,,,,,,,102.9549564,99.65749167,23.96186785,28.68480713,29.96504171,26.9324601,102.3163482,102.9354212,27.23260544,25.74731877,29.25448773,20.39181414,75.20151848,66.90900262,42.16908792,41.61875035,2.571015395,2.964068879,10.829921,13.8861726,2.807879715,2.197450149,,
"Protein C, no HI #3",,,,1.174565752,0.505054626,,0.933508285,0.430706116,,,,0.191526622,,,,1.026743467,0.669614499,1.346718842,,13.49190536,16.28978942,16.71149727,15.69873123,3.927432162,4.036981612,3.559735064,5.763228369,6.974997501,,,35.03305506,36.13325311,27.72383084,27.62009026,226.5027483,245.3310071,4.122186883,4.127669726,46.60246111,47.43715606,3.232933785,3.009818994,3.039155213,6.717318556,6.018995819,7.532510691,,,0.571198571,0.607696525,1.983735185,1.668392228,7.351262818,7.619678149,1.396398375,2.065482798,10.05617188,9.599254093,9.304873605,9.677765051,3.408839356,2.729073834,,,6.513509433,4.542351212,,,,,,,115.3019729,131.319826,30.26294652,28.4342007,33.97255717,30.94767107,125.5499722,135.5129481,26.53395756,26.57473438,31.56213641,28.77558571,89.48223914,76.92356665,73.53503502,67.99649517,2.717503864,3.716862892,15.07283212,13.91681157,3.141276163,3.547658816,,
"Protein C, no HI #3",,,,0.966005531,0.287569505,,0.929443052,0.389285958,,,,0.207346246,,,,0.910036843,0.752186264,1.402474261,,13.77334336,15.53144425,16.59715253,15.90691303,3.603217686,4.032356841,4.032658008,6.374316384,5.737182263,,,36.97334952,32.40185006,25.64903578,24.64756674,222.7847627,222.8085606,4.16234841,4.492958415,43.46728675,45.29742651,3.060357712,2.914909491,5.003826859,4.83733163,8.798666937,9.120744451,,,0.5708708,0.767055486,2.152605,2.184115813,7.032231382,7.479041111,0.69822637,2.109977516,9.93275379,8.936861682,9.267312768,9.056826542,2.919151353,2.712410551,,,5.787836517,6.128436796,,,,,,,119.6236513,127.9471211,29.51372529,26.9719312,32.04593191,29.12838559,122.8950927,123.6422001,28.57299015,27.99689994,25.79549038,26.88192304,78.71149443,72.70949152,51.8138144,64.63860789,3.076663202,3.746672164,15.5539757,11.41501595,2.902254742,3.610189792,,
"Protein C, no HI #4",,,,1.054879311,,,,0.544247271,,,,0.194846807,,,,0.667567698,0.946997036,0.620081658,,9.334749274,14.7466541,15.62645131,16.7039369,3.769799778,4.296095822,4.19491209,0.730868942,0.731202893,,,6.229226038,6.484295418,16.28684498,15.65748646,105.4853952,106.7230179,1.092549895,1.63599859,14.43327771,13.31287564,0.544804753,0.573358658,1.860023773,0.974237235,19.64100723,23.97297886,,,4.530462256,3.304400056,1.186348672,2.013496378,6.568881682,5.889828917,1.541305117,3.157175036,5.116631383,3.283396587,10.44887646,12.08612612,2.228889094,1.701987329,10.30934954,9.444340925,10.12012247,8.979927318,9.24622405,3.799150743,,,,,67.42341211,70.87983055,30.91563617,27.50652003,20.16499759,20.4667751,43.47517846,41.95043669,25.92089511,23.14278179,5.85390458,7.348089846,61.46949559,60.19335008,28.84694567,25.12624927,13.37340801,15.28987031,36.34526901,30.40830168,7.341402433,5.632144339,,
"Protein C, no HI #4",,,,0.853197405,,,0.047105741,0.403111737,,,,0.257689401,,,,1.219153436,0.696589512,0.903919375,,10.27455545,14.5745786,18.32873448,18.51117203,4.530524555,4.526023986,4.889196501,0.925372074,0.809599191,,,7.905150731,6.5307495,17.9646748,17.06499888,123.0391042,122.5628109,1.597221126,2.015725248,15.02764679,16.38567095,0.560620144,0.590673236,2.441661416,0.831178656,23.78608659,30.93247529,,,3.613378785,3.932882154,1.704974782,2.311908267,6.145486784,6.559919661,2.543795682,2.642537098,4.743473595,5.837510929,12.39191957,12.14381786,1.583782792,2.196204158,7.494235092,10.941413,7.202678599,9.066420893,5.085988387,2.571813462,,,,,79.09318819,72.40328415,37.19736107,36.05968093,23.18122256,22.60351339,47.6411808,58.71449982,30.4376219,29.67914431,13.04774936,8.564088941,66.07863498,65.73347455,16.16858094,18.03934597,15.3636349,16.83951453,38.712849,36.10884949,8.150394926,7.295796499,,
"Protein C, no HI #4",,,,1.111086062,,,0.073593764,0.381504868,,,,0.185265268,,,,1.228701303,0.805649095,0.954785841,,11.02542972,18.5283422,16.71998697,18.4890501,5.06883566,4.544778124,4.787703024,0.844117783,0.745112249,,,7.191206398,7.782765162,17.97512413,17.07743733,120.6593568,118.1422528,1.933727215,1.136961652,14.00808933,15.7325248,0.676008125,0.614808038,2.325430623,2.291216513,33.56338117,35.67015008,,,4.327916176,5.115630419,1.773898015,1.30876533,5.884546575,6.532994188,1.534922803,4.81620051,5.671306404,6.449328369,12.7976748,13.77564055,1.909160317,2.376540456,6.09013215,9.09314255,9.47829842,9.490844306,7.558026295,5.737121753,,,,,77.2775967,77.69094967,39.47919307,31.19958492,23.50714407,23.60022542,60.93316593,58.07636676,30.95820948,28.61529271,7.715095339,8.660661983,67.67665667,67.03065392,35.34680612,24.51035604,15.18850566,16.19883446,37.04693022,31.98737264,7.635843522,8.005007371,,
"Protein C, no HI #5",,,,1.11014935,,,0.296071479,0.304009723,,,,0.169692308,,0.401921889,1.424402685,1.154741817,1.153325115,1.846580332,,6.644363349,21.86172675,24.24564069,22.83182691,9.726711654,10.10209666,10.89930183,1.302150753,1.277665992,,,12.36975537,12.73904622,29.3919353,30.05851233,144.4560688,141.9732239,0.502275757,0.835059277,21.35806662,21.11993602,0.981627767,0.938360738,8.516965705,8.276796064,36.44900839,39.17876959,,,9.886734343,10.23177348,2.093111205,2.154571008,2.106341934,2.143081322,2.800462762,3.310476767,11.40662618,12.31917264,19.4397916,21.21200635,4.729002685,4.63129293,,,6.892645908,7.129851459,46.19296395,44.3654975,,,,,165.1352108,171.5026578,53.74849665,50.63111111,32.18689574,30.87166301,110.1185519,125.4960446,43.61425942,44.19449335,22.74407449,20.13984762,121.4999701,112.8858271,45.74886903,36.48766149,31.08748396,33.79874994,44.22251396,55.04165996,14.4064417,13.81988448,,
"Protein C, no HI #5",,,,1.09199326,,,0.239375297,0.301119523,,,,0.149743208,,1.114654764,0.842067159,1.04847289,1.018797602,1.910274893,,7.107707621,25.07999223,21.69368013,24.41435428,9.403361889,9.851300498,9.432540236,1.248279165,1.266549913,,,13.27986989,13.46589768,30.01239564,31.88863505,147.074824,139.3877488,0.510342796,0.600721564,22.05169273,21.97475936,0.938820374,0.959999056,8.396798951,9.811790677,39.69983241,42.97283636,,,10.01951749,10.52335634,1.938261404,1.811974196,2.140021825,2.193134508,2.826697226,2.6493197,12.90837791,11.68198565,19.37712606,21.66971752,5.139101097,5.03746549,,,8.279463681,8.857291506,37.66928941,33.90161201,,,,,161.947477,159.998685,54.30810995,49.33736754,32.3005891,29.9134213,117.236893,126.9643303,40.23070996,42.41517874,18.33930218,20.05034801,117.7408474,108.2078093,51.03310394,50.68256855,30.91022816,35.32855163,53.9964603,50.33214669,14.75229526,14.80495957,,
"Protein C, no HI #5",,,,0.824894928,,,0.190957879,0.226485446,,,,0.139770404,,0.47164917,1.090798769,0.825957881,0.833607747,1.471248657,,6.083903906,21.77761638,19.56556143,20.46956394,8.336442946,8.197785199,9.109555126,1.061432087,0.942667094,,,10.15885397,10.85730084,24.16657879,24.92096874,105.9587468,96.26801766,0.392717222,0.552717165,17.61123914,17.92468244,0.757143949,0.809205088,5.043158241,8.098300889,29.23111955,34.35341516,,,7.378439576,9.298789798,1.492888701,1.656397368,1.718413587,1.667571783,2.526761459,2.521656785,11.00625387,10.44187121,18.12564151,19.05549112,4.365872127,4.842866506,,,7.511109335,5.075320931,35.21499294,19.46732914,,,,,134.1658159,132.3645715,39.87808022,41.37903214,28.03416989,25.17343835,99.70381236,107.0740796,36.43156555,37.89177158,16.00719359,15.20387895,88.9010672,86.08490307,46.29810809,47.3092495,27.10983845,24.13801957,42.15494497,44.18199607,12.05833234,9.868176885,,
"Protein C, no HI #6",,,,1.01663609,,,0.108437005,0.57157572,,0.046713986,,0.291696842,,,,1.01245073,0.862066619,1.432921099,,3.585213091,20.46256828,21.36161244,20.91526903,6.603455689,6.659030551,6.229273925,1.404677426,1.374057866,,,9.746083307,8.869207969,21.9561896,22.87429843,97.75387656,95.08293399,0.504635936,0.623488484,16.23865815,17.13327608,0.698851259,0.604099457,2.044528881,3.72362768,19.29871496,10.67624474,,,8.053221722,10.02163213,1.280376156,0.787626129,0.53933499,0.975372369,4.316245723,6.901999927,6.947772795,7.10206983,16.57555389,17.79622204,3.268362861,3.647448428,,,5.666174383,5.59578341,10.74444247,5.383370947,,,,,106.8261601,131.6825579,38.7128923,35.99080486,24.76240933,23.45964352,95.22171574,112.1765999,31.67225479,34.13347515,19.30438248,17.08233748,78.28921533,74.40574299,,4.648959314,24.05230195,24.6425264,37.41330385,38.37739247,10.94821285,10.9079702,,
"Protein C, no HI #6",,,,1.080299362,,,0.132325486,0.745526155,,0.059188889,,0.136431317,,,,1.038267997,1.056436073,1.35831499,,3.957421775,22.24819616,21.94728824,21.02525957,6.46304792,6.47265225,5.937137425,1.517430357,1.264037408,,,10.10567452,10.25953697,21.83160095,21.59195384,109.472895,98.03861144,0.537278841,0.466760156,16.39181938,15.77296947,0.682540312,0.639846075,2.17129186,2.667473788,33.72396304,25.8068885,,,8.700783332,8.763440392,1.036884003,1.175231574,1.688754766,0.936377141,7.322171209,4.364605373,6.956210626,6.671773332,16.92737796,16.32167825,3.584586723,2.825139359,,0.743096591,7.469877007,6.796932391,12.97225303,15.23977205,,,,,115.645525,114.2980564,42.82629819,42.36170028,25.95127915,22.90647293,99.81011264,102.8697045,34.35167894,33.92451992,18.07998733,22.05346406,76.28659548,71.64726108,7.368280301,5.985954251,24.37771475,25.43097245,40.06849497,39.78572139,9.898973151,9.466594252,,
"Protein C, no HI #6",,,,0.910521819,,,0.11190369,0.385124393,,0.183243934,,0.265014235,,,,0.951298111,1.060461689,1.477353866,,3.528565664,20.73476662,19.85031466,22.06875833,6.693895656,6.623439766,6.234270747,1.427404812,1.461656853,,,9.29874707,9.630177146,21.77435228,19.96802722,103.7759137,100.5825994,0.396023735,0.512081562,17.83062212,17.68718035,0.716521024,0.682084585,5.094221214,3.197423981,21.28013854,21.19288539,,,8.589802258,9.623955254,0.86760089,0.715422911,1.494318667,1.055353744,3.85955405,7.935728908,6.351974428,6.410813537,16.52655623,16.11504432,3.320794376,3.62782238,,,7.38153297,4.642032521,10.87115828,7.357663096,,,,,105.9953251,108.5149193,40.89781705,36.45090136,26.86897236,25.24174556,98.66796097,89.48021654,34.04870744,34.3959988,18.85214012,19.03577243,75.52720122,72.93053421,,,24.40901092,26.67093542,35.45989702,39.71736553,11.51084208,10.19405986,,
Protein B + Protein C #1,,,,1.044872779,,,0.791945343,0.189870574,,0.425079433,,0.124800199,,,,1.113901768,0.672717501,1.165085134,,10.4642602,15.77675166,15.20002291,16.43148247,13.97766424,13.63331215,13.54949358,16.57693388,16.23145557,,,21.68971069,23.45117949,49.78446717,49.56856492,518.871373,507.6220658,0.203291976,0.273250357,100.7143292,97.10722202,3.213612089,3.224893308,1085.059863,1147.044302,8.221197542,10.76315628,,,0.278468264,0.354420301,3.469681401,2.338234932,5.248119276,4.736300419,1.543112891,0.9531274,4.243541346,4.538785255,8.345099293,8.148911599,1.662432305,2.022304905,0.451758159,0.679857932,2.322979002,2.872991194,,,,,,,141.3064183,154.0720375,291.5909113,299.6952703,22.15271616,20.87039545,122.978959,127.1388607,5.466009492,6.651187265,54.09557326,52.9331712,37.37055798,36.62958312,54.88245417,61.40773193,4.198110647,4.507465004,14.90650004,16.31206134,12.35684926,10.05612179,,
Protein B + Protein C #1,,,,1.021263821,,,1.566003886,0.468713014,,1.010922479,,0.127276967,,,,1.002558767,0.746285024,1.15705915,,9.842459047,16.54645152,18.19173586,18.64137171,16.39594055,15.80907485,15.36401231,19.03341032,19.70062934,,,25.1486748,25.79980803,57.21503728,56.82925097,576.8785734,592.011803,0.422181219,0.612835433,114.1352467,108.0236904,4.132018947,3.708826596,1378.972239,1423.222152,13.58342208,15.05407024,,,0.204239378,0.303604352,3.470142005,2.679950054,5.720838012,5.233410388,1.558087703,0.510334947,5.175828611,5.156728519,9.980337534,9.847065512,2.196272414,2.061387057,0.430599157,1.016015002,2.645327775,1.788182108,,,,,,,182.4772377,191.1994062,355.4213436,360.2744851,24.60784202,23.09641156,133.9361698,139.7523916,7.24721292,6.364697399,62.62863513,61.87565783,46.29330213,38.87842822,29.48348463,52.01946137,4.360266816,2.734180164,17.3904455,17.93129623,11.06720438,12.36775391,,
Protein B + Protein C #1,,,,0.937127404,,,0.891897558,0.226075236,,0.645318584,,0.142224774,,,,0.895453972,0.789890203,0.976826528,,11.03144369,16.84177217,16.83549132,16.7068591,13.54408613,12.90259764,13.07512964,18.18166137,17.06642859,,,24.69217242,22.34268487,47.82338298,49.36789647,523.4833283,526.7605628,0.087042298,0.336748021,93.54962206,97.79156874,3.224596196,2.959493992,1181.2012,1169.58055,11.8349434,14.24007286,,,0.289864652,0.356477801,2.680696299,1.982488636,4.864328394,4.39012247,0.55704981,1.492708367,4.157815233,4.07771625,7.392405683,8.0519573,2.298467538,1.654918733,0.425791515,0.192259616,2.997012449,1.903408225,,,,,,,154.1481859,146.1804895,265.2185062,287.6845186,21.58857778,20.62891558,123.9092016,129.7278279,5.181137022,5.987371834,44.21071482,48.62876189,38.68643064,39.61577613,38.22942486,57.29039209,4.865344756,4.035929768,15.23162386,19.48822434,14.24266443,8.809590034,,
Protein B + Protein C #2,,,,0.958397493,0.780954758,,0.340350269,0.240758291,,0.32648467,,0.014435997,,,,0.824186467,0.641076795,1.07469212,,11.65278734,16.45599788,17.40231271,17.16741344,16.9705427,17.59469914,17.59951643,35.38393049,34.55379519,6.251363711,11.05115544,25.87200349,25.084931,47.42513504,49.71908357,571.7017426,542.8903303,0.565163239,0.839572625,119.9935834,121.7650181,5.784133551,5.84863364,1687.60918,1883.177462,1.400674007,4.767093445,,,0.124905412,0.062374696,3.398501169,4.471737329,6.991417611,6.364235717,1.143013031,1.129897354,5.383926698,5.179193206,8.015655897,8.795324111,2.318397392,1.421982668,0.310629016,,4.447511484,5.055618937,,,,,,,170.7044623,190.1747841,409.7711644,414.1577336,22.27933833,20.96220905,144.5228686,127.2588705,12.59889055,12.54834209,63.26659139,59.84923433,58.23295372,46.96138965,64.04778492,81.4389301,5.366025315,3.636697697,18.09225045,14.96652261,10.95628668,12.21322971,,
Protein B + Protein C #2,,,,1.061717848,0.31487446,,0.524394085,0.299019721,,0.489136692,,0.033118863,,,,1.160941277,0.722052265,1.313358035,,13.47362706,18.39172811,19.7170014,19.85611068,18.84323986,19.01385405,19.62650579,42.20049337,37.15518403,10.53237754,6.741065826,27.20968173,29.22208975,48.88374073,56.4459418,658.3926351,609.6009182,0.896852206,0.74714978,131.8165384,129.3694659,6.802378814,6.464089126,1913.712887,1956.151654,4.221562177,6.872912031,,,0.116766315,0.132615241,3.485913257,3.240611126,7.347284092,7.096914775,1.670499583,0.830288087,6.069043556,5.289250807,8.567104904,10.65822161,1.916202898,2.350416416,0.126947601,0.392393691,5.1992363,6.937348421,,,,0.636143823,,,206.902887,222.3719906,441.510646,477.9202495,26.82555427,21.45301593,148.7146983,143.8099197,15.45186309,17.67824233,72.76910775,70.53860338,61.22978073,54.01818046,80.84334517,74.08781641,3.932752053,4.829681245,18.66785162,16.64342239,10.08035556,13.2212081,,
Protein B + Protein C #2,,,,0.982754888,0.41409582,,0.269084294,0.15367648,,0.866621013,,0.007306569,,,,1.045115451,0.668798893,1.17941764,,13.29574686,16.68828566,20.66279894,20.24857333,19.16345806,18.59218436,19.90163453,37.94754565,35.20336729,10.264602,10.91044512,26.55201702,27.07465373,51.84875061,54.64353802,615.4132888,610.3643218,0.499426346,0.937707025,132.6059572,130.2868671,6.172095238,5.997926674,1817.148056,1939.178146,2.726953614,8.803803001,,,0.058901974,0.093921193,3.858454587,3.986113532,7.712161146,6.884249964,1.08408696,1.201148914,6.218888626,5.490574865,7.686197453,8.722954414,1.818817509,2.52162969,,,5.697174579,3.203600155,,,,,,,192.0872643,196.1309712,472.9154277,437.9373428,23.55637017,22.2880589,134.8299891,145.9060193,12.3069586,16.73815821,63.07195012,67.86001224,56.74046277,48.46226006,70.64148362,62.28608672,3.209117153,7.484542669,13.18681356,18.10825364,12.13114245,10.47359031,,
Protein B + Protein C #3,,,,1.086123792,,,1.456416276,0.30766061,,,,,,,,0.853141817,0.641828021,0.63637977,,12.19574534,18.49126297,17.53757866,18.14766586,16.70675966,17.04321247,17.3658534,22.22474012,23.19235649,11.7172545,18.68897804,25.6715104,27.09733872,50.81149077,53.70664325,611.9785305,555.1029792,0.926024832,0.372268069,121.30717,115.1495407,4.407346103,4.402917325,1494.838949,1530.490768,39.1998621,43.28796384,,,0.269929405,0.415980737,4.635107497,4.190687338,6.316368505,6.723683877,3.960305494,4.401433455,6.438266328,6.234265284,11.68338707,12.71591202,1.411619998,1.458908847,,,3.836801891,1.685050909,,,38.19328842,,,,170.3911953,206.6296022,393.8326545,392.7616213,24.71515798,22.51454813,152.300571,159.4207851,12.25405934,16.04356417,81.85996006,55.24909446,47.47097848,46.91333427,53.02081987,78.98350631,9.052593866,7.038166889,17.4487948,26.75394356,9.188620002,14.5447756,,
Protein B + Protein C #3,,,,0.992672296,,,2.948886633,0.012844067,,,,,,,,1.104670226,0.838056079,1.345866702,,15.95668766,21.58995911,21.34875964,20.91786605,20.33445317,21.08227788,19.96780209,24.96423527,29.13220203,21.26558467,26.73942048,29.50786962,29.84046983,60.41133446,62.48844657,742.7608477,744.4297108,1.271364241,1.10218153,147.966999,123.1571282,5.126913978,4.770709569,1884.666784,2026.591532,51.63303034,60.88042403,,,0.517296913,0.328485211,4.208300887,3.109530071,8.068236424,7.840224405,4.538024471,4.805597167,6.58595056,8.565916476,13.59240301,14.70775118,2.752518868,2.178559898,,,3.432545007,2.413541427,,,72.22607484,141.0384219,,,248.8037893,209.2399126,477.5555021,456.2771427,32.34194686,29.41820466,192.3550469,207.7965561,22.94277601,18.26996441,83.15720322,80.74600715,58.89890535,52.31057189,69.01199488,99.25747264,11.78325114,12.93288751,24.55672386,20.49692293,16.86645265,18.41030391,,
Protein B + Protein C #3,,,,0.927501821,,,2.794845513,,,,,,,,,1.061075096,0.992373174,0.811372127,,13.46820012,18.43146538,19.15412434,18.00564463,17.91079567,17.87752686,18.95268672,23.68478643,28.38741044,25.10249965,7.493236917,27.77457754,25.68161112,53.84686262,54.00566408,647.3517844,647.6326625,0.835120093,0.711363083,115.4789327,131.5785403,4.393719407,4.434566876,1658.561509,1574.972325,54.11251082,33.37583753,,,0.27597974,0.154894592,2.415939077,4.470629205,6.441833609,7.556307706,6.849521919,5.289800075,5.91455926,6.163883226,11.36127487,13.28913905,1.430304256,1.419379194,,,3.973916493,2.710679837,,,178.3521967,99.23515437,,,201.0660439,244.2183821,403.8837149,399.8307527,26.47563003,24.44665308,177.2915218,193.6291846,19.02147461,20.14807307,74.93691762,75.87729242,48.67665216,46.61324224,123.1985116,65.06119211,11.22060954,10.94395164,22.78333181,22.39762776,13.39086748,13.03353605,,
"Protein B + Protein C, no HI #1",,,,1.01845792,,,0.954577853,0.033865595,,0.075828606,,,,,0.19469618,1.176064757,0.738980795,1.751926945,,9.738709434,15.08227157,16.19602208,16.15608829,17.33053064,17.84548326,16.60245513,61.42338942,53.68442147,27.3876102,11.53528122,26.75661063,27.4322721,55.32227575,53.05355201,587.6634049,545.5644553,2.0502432,1.246426256,121.4086006,116.6035293,7.434781739,7.926467993,3747.013519,4042.522196,11.4751781,6.314179184,,,0.365830149,0.338979699,6.426897463,8.710143768,8.969333284,10.14158531,,,7.873342863,7.631325343,8.731370493,9.363290908,2.984279092,2.612972825,3.867870066,2.683079263,4.337680531,1.890545139,,,,,,,229.1711254,207.6705446,533.463681,562.6745215,23.28388153,21.76351712,112.6024422,107.0797567,24.59111886,27.96531174,80.46576537,77.58331857,55.22406555,55.44142174,89.25788718,88.15445934,10.95207396,14.81375369,27.37459274,27.09823259,22.61213524,29.79062967,,
"Protein B + Protein C, no HI #1",,,,0.87201594,,,0.311547494,0.082184402,,1.215075766,,,,,0.193814857,0.850219617,0.838193116,1.848350643,,11.33295136,17.71764234,18.72824522,19.06791323,20.7289052,21.51878531,19.74254499,73.7677364,67.5222423,9.233371208,23.08676545,29.16433744,27.17551839,64.87832444,64.64602753,653.5057697,629.7304123,2.01586416,2.015964092,135.4897532,143.0762549,9.543779556,9.639467099,4434.343589,4996.225934,13.47945851,11.12868241,,,0.464972141,0.709427514,10.26350759,9.796877263,11.79733097,11.46592256,,,9.87008875,7.329179283,11.16298538,11.78646855,3.198061952,3.901926719,3.064871302,7.627877644,2.879749105,3.867011677,,,,,,,271.1890649,269.0209374,679.6967925,697.9792865,26.05616595,25.83316568,119.0267713,123.8350847,29.70384359,30.08007835,99.9915561,100.6219433,63.75889151,69.29741897,109.1118369,65.30471675,16.75252407,13.54149028,32.72435604,28.47211787,34.1939952,33.67045289,,
"Protein B + Protein C, no HI #1",,,,1.125984692,,,0.460378523,0.108680659,,1.25276864,,,,,,1.00008668,0.859581451,1.680089132,,11.39660359,19.00637446,19.3487344,18.22321095,19.02209854,19.53565014,19.7014356,66.42230513,61.96277509,11.5537614,19.48879418,29.08504735,30.96443549,62.21439059,59.74370307,597.3866255,629.1171402,2.011611209,2.194053097,135.90483,138.4913398,8.422692023,8.251141708,4486.523737,4616.672283,9.187942068,16.32549103,,,0.509857301,0.613615524,8.15117711,8.382791744,10.51738276,10.76579092,,,7.466877089,7.854210074,11.12827818,11.85129894,3.7403266,2.135247555,3.438092427,3.516746103,3.723015217,2.859000708,,,,,,,228.726404,274.5744247,598.5195659,595.2171247,25.34598287,23.87612852,118.0733215,127.7245663,36.93699603,27.65630809,84.45291754,81.00568296,60.48184336,63.76365274,78.64696352,78.97582812,15.99442656,13.81233427,31.12357456,29.08614028,30.69130144,27.49841587,,
"Protein B + Protein C, no HI #2",,,,0.99939178,,,0.614532216,0.140025131,,,,0.178364503,,,0.92650289,1.32838061,0.698654039,2.970599429,,20.42287402,33.12623229,36.88490418,35.37543033,40.60762665,43.62878633,40.38841591,139.0007755,131.7978119,35.70177422,76.12680005,45.58530196,50.91270978,115.8345907,113.465403,1164.771615,1150.291794,3.391172921,4.438318957,239.3231592,274.6015525,15.74984657,14.52869753,6790.603595,7779.052928,31.56057526,52.6879437,,,1.131220259,0.455816176,13.24787025,11.78191925,17.0251665,16.72851877,,,11.5947393,13.80614903,20.5328858,25.0537519,3.693766244,2.827550786,,,,,,,,,,,505.186066,456.5226756,1297.161476,1282.897346,49.8740724,46.70554794,346.4026607,307.2740411,35.09104044,31.81443393,139.4956425,160.9485853,115.2448475,112.8768123,54.18786501,94.72612507,13.95521636,12.52154328,26.19983296,35.01294886,60.29733439,40.23414422,,
"Protein B + Protein C, no HI #2",,,,0.985500982,,,0.197828845,0.336120887,,0.102669649,,0.22938891,,,0.202226257,1.042328192,0.677545359,3.320549746,,18.55447986,30.37677797,32.1668927,33.59688573,37.08120847,40.90691717,35.76833042,120.8983072,107.7313788,48.44160437,61.2318077,41.53665638,40.38481521,109.9770856,113.0541114,1150.063632,999.6569414,4.479323038,4.088569963,213.0745759,214.8169484,14.68733275,13.52385762,5603.596031,6535.100966,42.72791439,22.77922515,,,0.519975465,0.830788802,10.21983215,10.12051351,14.2032036,15.12778577,,,10.11439708,11.41781058,21.01130113,22.64491019,3.491206153,2.347326722,,,,,,,,,,,412.8148834,464.5243363,1049.292278,1073.858759,45.5097427,41.02169754,276.3104592,395.7585161,26.18875406,20.39426575,126.0597223,117.8327299,93.31137795,100.7417137,33.66760927,96.57702049,10.25171293,13.64474447,30.9663725,21.43703309,33.13978441,46.49009196,,
"Protein B + Protein C, no HI #2",,,,1.015329876,,,0.203004794,0.146182187,,0.545452457,,0.200241434,,,0.177210377,0.722225782,0.789029982,2.914416072,,20.54596761,34.86774802,34.92728349,36.78113804,43.01835613,45.11096862,41.55975397,118.763662,131.6301612,49.81896321,79.87275923,48.07135352,46.67226135,115.8174153,111.5288841,1161.205112,1137.494519,4.733658079,2.920506957,226.7532468,242.033514,14.33195491,14.52514337,7292.57068,7075.238405,55.20337942,60.35046031,,,0.650781203,0.524932818,7.295918592,10.33368324,16.96499899,15.87520775,,,12.67757134,16.83112934,23.53973706,26.04735264,3.983275845,2.56017602,,,,,,,,,,,505.2385231,464.2386108,1244.482627,1154.690514,52.40729145,43.12113513,311.7811887,350.0463684,32.78926625,29.65109361,165.0281584,123.6989857,119.238407,108.9398555,89.74241936,55.02760134,16.1972865,14.88443496,28.05911888,23.87157925,51.06173591,43.79244299,,
"Protein B + Protein C, no HI #3",,,,0.84088619,0.474972174,,2.593561408,0.646116134,,2.116412433,,,,,,1.026303622,1.585182253,2.199087982,,14.60000149,18.15773455,18.63631622,17.78058502,19.46423624,20.68212086,19.01849404,75.41204652,60.82966691,18.99226668,18.94559309,30.32030776,31.75785547,62.32157727,62.50034337,647.604397,613.6583231,1.73185778,1.939913607,148.1842697,149.4238933,8.582730451,9.089712674,5674.291301,5131.500047,29.85534831,26.35498697,,,0.23299143,0.177237678,9.846960608,8.281505988,8.474701838,9.011252849,5.161314162,3.954456688,8.861603375,9.478335194,12.15032228,14.09715561,2.12696523,1.863513773,,,3.559662478,5.300256615,,,,,,,276.793087,228.2159547,625.2312988,595.4454824,24.68474898,24.11456787,196.7300657,214.5108017,17.54903018,19.24470362,118.2208647,111.2573124,60.8396841,57.51027211,54.18678798,47.17701084,11.96392637,13.68047342,23.7691919,19.38420037,37.91263803,33.16070942,,
"Protein B + Protein C, no HI #3",,,,1.040902079,0.760571898,,0.935684477,0.761240785,,0.769663144,,,,,,1.003510392,1.53093708,1.474508897,,12.87425017,15.00715206,15.55791286,15.95445498,18.87254037,19.49403231,16.78019061,61.29818405,60.29427826,26.06855343,12.46363798,27.29295697,27.19585134,59.0317613,57.64082501,525.6804228,540.1286942,1.910828291,1.945565102,135.5931461,133.6547927,8.868475626,7.286141398,5141.554541,5249.706671,21.56274717,17.77163498,,,0.292268138,0.229638563,8.638505806,8.529342542,7.683059222,7.603220431,3.112433908,5.626242155,9.14201822,7.154308585,10.74397387,11.85426033,2.863878851,2.837749515,,,3.215518436,4.431172623,,,,,,,239.5122517,247.5768548,583.3117213,580.9865633,23.61020681,21.54592076,217.3301388,198.8803088,17.33475143,19.56514105,102.9658854,104.598732,61.24678994,54.55945559,52.88770278,61.33999141,11.21249982,11.66405082,21.41062969,24.33053434,33.76203883,32.34920661,,
"Protein B + Protein C, no HI #3",,,,1.142491306,,,1.811428216,0.495008588,,0.682328128,,,,,,0.970962068,1.575088135,1.746406038,,13.11619309,16.87963006,16.53069205,16.64942207,19.05520062,17.41999678,16.508025,56.18204414,59.54323691,19.54009031,18.65439241,26.71148813,28.23584205,54.09034091,59.905958,579.5256803,526.1661697,1.97956561,1.898014738,138.6117626,139.9224979,8.012089249,8.056664267,5248.351367,5241.47269,30.26452198,23.4578012,,,0.255620083,0.266125933,8.796457994,6.322306008,7.300827754,7.869282832,4.79527192,7.224313447,7.718802111,9.05030891,11.94967891,12.57565947,1.92474868,2.520501702,,,3.823794624,4.348130281,,,,,,,241.4943247,249.5678778,571.7620954,561.5540503,25.07729959,22.15946774,163.3812512,210.1644686,19.95606449,18.95373627,103.7304965,101.7215424,58.55386383,51.71467486,89.27766162,78.92906187,9.704211129,12.51636875,19.03194247,20.34555245,29.33320829,30.57652417,,
NAC,,,,,,,,,,,,,,,,,,,,,,,,,,,,,,,,,,,,,,,,,,,,,,,,,,,,,,,,,,,,,,,,,,,,,,,,,,,,,,,,,,,,,,,,,,,,,,,,
TE,,,,,,,,,,,,,,,,,,,,,,,,,,,,,,,,,,,,,,,,,,,,,,,,,,,,,,,,,,,,,,,,,,,,,,,,,,,,,,,,,,,,,,,,,,,,,,,,